index,symbol,cluster,d0,d7,d12,d19,d26,d33,d49,d63,d77
0,AADAT,1,2.3200237983,0.589660044901,0.0414666065062,-0.404375629622,0.277518762827,-0.788775537927,-0.706270029966,-0.557151995807,-0.77209601921
1,ACTB,1,2.56456966035,0.150105171121,-0.0621022613326,-0.207407320192,-0.747372953481,-0.34895873069,-0.274348585244,-0.639006303233,-0.435478677297
2,ADAR,1,2.55595453044,0.276191431736,0.0313587885916,-0.554032282548,-0.470156654935,-0.455675772717,-0.468883875658,-0.546682024519,-0.368074140392
3,ADCY2,1,1.26582149858,-1.61489463009,1.12273863776,0.430228259098,0.838268930721,-0.0421904179918,-0.231915001411,-0.991033772654,-0.777023504018
4,AHSG,1,2.14615702149,-0.100883124808,0.545677197408,-0.472450152258,0.552818021937,-0.675108852526,0.0371675541054,-1.14472469465,-0.8886529707
5,AMY1A,1,2.43542267988,-0.523614344744,-0.670739511728,0.21380947594,-0.0468058416465,-0.670739511728,0.410970819931,-0.670739511728,-0.477564254177
6,ARC,1,2.62083767837,-0.349352672159,0.101332239245,-0.358635474922,-0.546528991037,-0.375858599757,-0.498202744859,-0.242344125704,-0.351247309178
7,ARSE,1,2.43428437073,-0.953329189383,-0.673591117779,-0.0662551912885,0.457266680618,-0.111307488222,-0.129315947579,-0.406560889255,-0.551191227843
8,ATP12A,1,2.03688671186,-0.702905165666,-1.06743299694,0.708530858777,-0.382766794777,0.829643062984,-0.530636513733,-0.127878520792,-0.763440641715
9,ATP5G3,1,2.34136322417,-0.354772763392,0.677905880363,0.124881023328,-0.182074345541,-0.336751881471,-0.624461860326,-0.709703516031,-0.9363857611
10,CACNA1B,1,2.37777349262,-0.0905315441978,-0.898056274477,-0.149780277348,-0.864510503555,0.381531113411,-0.7846187153,0.00739898155907,0.0207937272862
11,CASP3,1,2.62595926193,-0.637561802939,-0.292300377629,-0.0238287832144,-0.521711466581,-0.341646912198,-0.29205133941,-0.213292094691,-0.303566485264
12,CBS,1,2.6600082407,-0.205052509652,-0.305799343921,-0.3807589696,-0.251341878866,-0.42523711141,-0.383459207357,-0.384939154066,-0.323420065829
13,CLC,1,2.57995476772,-0.302708971342,-0.185781041403,-0.669713740298,-0.593162323662,-0.322178846466,0.196328420498,-0.469824717679,-0.232913547366
14,CLDN11,1,2.44969203998,-0.753454783814,-0.433310453568,-0.0196496045328,0.5648495807,-0.176274062132,-0.484971235224,-0.564020473851,-0.582861007564
15,CMKLR1,1,2.49576666607,0.246568095208,-0.472448527783,-0.55360018913,-0.659945462935,-0.50993866595,-0.451987034638,-0.418931343818,0.324516462975
16,COX5A,1,2.50544678129,-0.431198989994,0.0766419688518,-0.203355333614,-0.234611791553,-0.111166075526,-0.524055394951,-0.00648701851272,-1.07121414599
17,CTSC,1,2.64529746204,-0.237432010621,-0.374038825716,-0.500521222185,-0.435508032025,-0.435573823491,-0.140875187344,-0.159527840803,-0.361820519854
18,CYCS,1,2.57705013997,-0.182876572163,0.184247464502,-0.519075526577,-0.518429352185,-0.0647913923704,-0.431805774034,-0.429267116887,-0.615051870255
19,CYTH4,1,2.39466290008,-0.356350506516,-0.178566307245,-0.527904306514,-0.753115875412,-0.365978160703,0.786239951117,-0.569315136143,-0.429672558666
20,DAPK1,1,2.48414717683,-0.598785324389,-0.535084788266,-0.514965049943,-0.537149255012,-0.630686337948,-0.241124211009,0.216138506187,0.357509283551
21,DDX21,1,2.64548578868,-0.141916340512,-0.178910105636,-0.317703874068,-0.486331592955,-0.241986374974,-0.352922157122,-0.452470294949,-0.473245048467
22,DGCR8,1,2.26547280893,0.783065116089,-0.31055448781,-0.529020171681,-0.675200672102,-0.927694892656,-0.692287896798,-0.155185501268,0.241405697293
23,DLGAP3,1,2.40216619372,0.273657867236,0.0973122829256,-0.391446313349,-1.11989859499,-0.727014201567,-0.280493357559,-0.348817232194,0.0945333557836
24,DNAH11,1,1.73635202109,-1.26967091101,-0.76790572134,0.946012354389,0.696359706149,-0.120765121203,-0.994870324209,0.319507237485,-0.545019241352
25,DRD3,1,2.651769264,-0.381766328086,-0.443604627673,-0.239837680043,-0.173012716195,-0.443604627673,-0.443604627673,-0.208181417489,-0.318157239172
26,EDN1,1,2.63562926125,-0.387565358793,-0.607948271293,-0.286743315224,-0.453035461128,-0.196289163076,-0.0907321000293,-0.231332586161,-0.381983005547
27,FADS2,1,1.34678176491,-0.475009568091,-0.513244120964,-0.480186952912,0.369015983116,1.89818392491,-0.429561684484,-1.04567950022,-0.670299846273
28,FAM189A2,1,2.62191947062,-0.632200056939,-0.458010172251,-0.280787870969,-0.419783860651,-0.320769173266,-0.322042003847,-0.229607662397,0.0412813297041
29,FGF2,1,2.60056410008,0.122389851724,-0.226591366104,-0.610109879446,-0.487671696487,-0.558253937717,-0.375419817751,-0.236249266595,-0.228657987701
30,FLNA,1,2.60260014367,-0.322156407915,-0.444257368852,-0.462425469553,-0.520022324176,-0.0550730414077,-0.0248835177666,-0.649608599419,-0.124173414585
31,GABRA1,1,2.64129994606,-0.5086845513,-0.431787651911,-0.444830418439,-0.357574235483,-0.360887507995,-0.243357018513,-0.24675789628,-0.0474206661346
32,GABRA5,1,2.65895707777,-0.412027190115,-0.378726799874,-0.367655018328,-0.375447476741,-0.29592075152,-0.330761529327,-0.347781861832,-0.150636450031
33,GABRB3,1,2.65893317452,-0.364274625023,-0.311185871838,-0.355616939201,-0.401736234589,-0.411977527516,-0.365821083409,-0.289886981317,-0.158433911628
34,GAL,1,2.66662794812,-0.338524296698,-0.328756990964,-0.322321193246,-0.337520163503,-0.335436164652,-0.339452454928,-0.333218622181,-0.33139806195
35,GCLC,1,2.54907162819,-0.0309330453988,-0.398904490623,-0.680478774663,-0.555795052277,-0.707575874742,-0.23767103516,0.10564745977,-0.0433608150961
36,GET4,1,2.2830722558,-0.0147410304173,-0.536054055776,0.156421619892,-0.344714654469,0.682438825881,-0.364686264848,-0.819146988429,-1.04258970763
37,GHRL,1,2.47332126676,-0.528238158111,-0.568871675017,0.32448340137,-0.166296215282,-0.86413348085,-0.441490219495,0.185010435754,-0.413785355128
38,GNB1L,1,2.1614806985,0.00133979912656,0.227190865171,0.65336451875,-0.935193067802,0.237760419136,-0.545479915131,-0.900272260017,-0.900191057735
39,GNL3,1,2.45645529793,-0.0294195677318,0.237766960192,-0.224718029348,-0.566133848679,0.217540387183,-0.600364529062,-0.650873731539,-0.840252938944
40,GPRIN2,1,2.01531452534,0.452818823497,-1.69734174307,-0.0940486117033,0.332289646319,0.183065102305,-0.0230499342809,-0.495497465633,-0.673550342774
41,GRM4,1,2.56656280301,-0.433724231342,-0.307156244205,0.26768876452,-0.410780088509,-0.0721793202454,-0.585648341021,-0.60357478443,-0.42118855778
42,GSR,1,2.45335011355,-1.06212837068,-0.399026862887,-0.565653217684,-0.124117125345,-0.559992505778,0.011687455869,0.207818602552,0.0380619103966
43,GSTO1,1,2.43570992766,-0.783939003611,-0.0607684031194,0.52629911617,-0.0563279350156,-0.238545545116,-0.554827518039,-0.614343311082,-0.653257327852
44,HCK,1,0.743211957834,-0.176969037126,-1.07389980065,1.05429188586,-0.634381452749,1.84788628365,-0.145944837262,-0.878824741682,-0.735370257882
45,HMOX1,1,2.60719297375,-0.0715615470495,-0.47004743443,-0.245808658552,-0.48434719964,-0.505609579482,-0.498008666639,-0.413657306045,0.0818474180912
46,HP,1,2.63528626142,-0.146521202367,-0.51891934549,-0.449732695497,-0.365922907863,-0.0630622693623,-0.389959932938,-0.23548034417,-0.465687563731
47,HRAS,1,2.6097681072,-0.294985293,-0.372717438774,-0.228364671735,-0.510367888298,-0.656434718815,-0.220468999441,-0.405865442022,0.0794363448866
48,HSPA4,1,2.44138372979,0.265516105675,0.395458418957,-0.456061411378,-0.582510110434,-0.327272549613,-0.277345209167,-0.637838787127,-0.821330186701
49,HTR1A,1,2.6664267608,-0.311343781258,-0.338595646896,-0.332684705859,-0.344463532605,-0.344943862106,-0.345083069499,-0.338447259421,-0.310864903151
50,HTR3A,1,2.66511434577,-0.33093393695,-0.357061264736,-0.344203324772,-0.362526763259,-0.381488015581,-0.324277515149,-0.273227485219,-0.291396040099
51,HTR7,1,2.6484240976,-0.388587844502,-0.405365679245,-0.37631567639,-0.409570990114,-0.394885489651,-0.37208206443,-0.254007603237,-0.0476087500349
52,HTT,1,2.31194076024,0.0489919836759,0.645125628686,-0.451640100256,0.199861926407,-0.477052265176,-0.634975462987,-0.902211897484,-0.740040573104
53,IARS,1,2.57561097201,0.226639446085,-0.138885566032,-0.395223288491,-0.354096580176,-0.673694439066,-0.55355847837,-0.437880923059,-0.248911142898
54,IDO1,1,2.66663974612,-0.327163907663,-0.337459502113,-0.330194124842,-0.332837897389,-0.337459502113,-0.337459502113,-0.337459502113,-0.32660580777
55,IL6,1,2.61107753975,-0.477916646834,-0.410429000164,-0.509193188274,-0.508896655449,-0.458598810257,-0.236143365048,0.0178395964228,-0.0277394701436
56,ITGB1,1,2.2779754903,-1.14620358653,-0.662263514281,-0.565722103666,-0.602348433983,-0.21225256352,0.192194106452,0.492331719234,0.22628888599
57,KCNS1,1,2.63554577116,-0.250099819325,-0.389517732917,-0.418362393271,-0.412435645524,-0.389552058308,-0.481524059388,-0.330934791674,0.0368807292462
58,KCNS3,1,2.36697047448,0.676193599736,-0.0763451888243,-0.634145454114,-0.44412760036,-0.586299469772,-0.874116311199,-0.474373068237,0.0462430182882
59,KPNA3,1,2.31147240511,-0.415747337779,0.589478233527,-0.59138724838,-1.0895381793,-0.282172717649,0.241525778609,-0.089916241337,-0.673714692795
60,LAP3,1,2.57523287816,0.0401163422753,-0.568351942252,-0.361170804854,-0.516962192411,-0.732225211854,-0.202008527372,0.0264921730556,-0.261122714749
61,LHX6,1,2.55814854929,-0.669282036562,-0.714523220444,-0.553105829808,-0.24352021717,0.0706212707478,-0.140341195772,0.0192811393458,-0.327278459631
62,LRP8,1,2.18959864027,-1.31758619956,-0.591279244233,-0.951684693789,-0.101081666668,0.126813518446,0.384825904389,0.0753475245243,0.185046216617
63,MBP,1,2.17119118191,-0.732464923465,-0.688360691257,-0.59581480366,-0.684968672837,-0.47925504676,-0.243985091512,0.193030217701,1.06062782988
64,MTAP,1,2.63657062654,-0.443032078682,-0.293843627649,-0.22144384578,-0.381081636049,-0.194723598571,-0.0759109080516,-0.490392676482,-0.536142255277
65,NDUFV2,1,2.1598229918,0.132619203344,0.767142913231,-0.334936694812,-0.483345895104,-0.867585419647,-0.723513497628,0.344115688243,-0.994319289423
66,NIPA2,1,2.53403347163,0.154624538662,0.0467772280675,-0.407854804731,-0.841685381517,-0.115981532537,-0.377556655475,-0.37491246898,-0.617444395118
67,NLGN4X,1,2.64600758893,-0.156645419972,-0.223633050529,-0.463463334565,-0.315997515439,-0.408950131053,-0.167582526774,-0.442456829568,-0.467278781029
68,NT5DC2,1,2.21329430298,1.03667826028,-0.454546853307,-0.658489361526,-0.871958865913,-0.416944496546,-0.616824345657,-0.265686737214,0.0344780968951
69,OLIG2,1,1.86936064314,-1.25108494987,0.899634458555,0.104774389138,-0.572004463526,0.777552622734,-0.463504478483,-0.827454175875,-0.537274045812
70,PANK2,1,2.52998982054,-0.731256557375,0.0983544749597,0.0326779128071,-0.60827467284,-0.472154024722,-0.563924111826,0.0831317479613,-0.368544589501
71,PEPD,1,2.08212000422,-0.186128768416,0.653350932526,-0.110165798255,0.37814148084,-1.48162880558,-0.835547960403,-0.371936415166,-0.128204669764
72,PES1,1,2.52189100918,-0.368186341805,-0.551188915339,-0.228143556995,-0.473226497662,0.486794382443,-0.36131195406,-0.636205846985,-0.39042227878
73,PGPEP1,1,1.95193178322,-1.46648369032,-1.04969483367,-0.444521486719,-0.217372907754,0.401438018895,0.701461646246,-0.0646392517065,0.187880721809
74,PICK1,1,2.59814805877,-0.261574736248,-0.236390615741,-0.535237132657,-0.417486330369,-0.645767892757,-0.492690463533,0.0442366186184,-0.0532375060791
75,PIK3CD,1,2.64225734385,-0.192716529039,-0.458524975295,-0.256243927198,-0.581385837637,-0.442013910655,-0.27258259674,-0.246553221136,-0.192236346153
76,PLAA,1,2.3481472254,0.477956613484,0.124393907314,-0.316153057362,-0.855614781461,0.0508251673808,-0.173112868817,-0.774336153352,-0.882106052583
77,PLCB2,1,2.33776388429,-0.410625652262,-0.0412819202297,0.463315220642,0.421771834824,-0.540619277329,-0.633921468587,-0.840707943466,-0.755694677883
78,PNP,1,2.6040591061,0.0892794354076,-0.017389455245,-0.399083427887,-0.407618748801,-0.406982257766,-0.464918381112,-0.443678211408,-0.553668059292
79,PPARGC1B,1,2.64704875589,-0.476123832623,-0.273511571149,-0.197540197308,-0.450118578569,-0.273278935991,-0.130956223562,-0.403798105618,-0.441721311066
80,PPP1R3B,1,2.57723077025,-0.727493698824,-0.720121998425,-0.413883468702,-0.192718290008,-0.0267818701119,-0.12139236104,-0.27661980625,-0.0982192768917
81,PREP,1,2.37091512386,-0.714509385109,-0.572011051049,-0.514713620171,0.531947162495,-0.302919356516,0.329021729895,-0.283473000789,-0.844257602616
82,RASIP1,1,2.28585358274,0.809168850828,-0.909323434685,-0.103708521649,-0.627630633841,-0.197463307025,-0.787613148273,0.00942255174482,-0.478705939837
83,RBM19,1,2.59168244212,-0.0298258605555,-0.02481818972,-0.398022686219,-0.0488615997124,-0.591623971001,-0.425937402494,-0.620551637022,-0.452041095396
84,REN,1,2.14017423606,-0.813536819151,0.345404198031,-0.51547904229,-0.92611703719,-0.47387365825,-0.504240674744,0.988967472216,-0.241298674683
85,RSL24D1,1,2.13738137049,0.607050381713,0.186555166838,-0.417526167121,-0.932056569314,0.553270474164,-0.450174910877,-0.672404403034,-1.01209534286
86,RTN4,1,2.50129629868,-0.717415795054,-0.663838943619,-0.480932056738,-0.571340076479,-0.417552714486,0.185083236895,0.146595673589,0.0181043772079
87,RTN4R,1,1.86085104701,0.299675843374,-0.96307367284,0.313392418462,-0.178082806583,1.07132708301,-0.383104403057,-0.847264908612,-1.17372060077
88,SACM1L,1,2.32014875003,0.578071019471,0.375222202926,-0.76619438408,-0.785005533489,-0.787477145426,-0.298578945963,-0.201842134006,-0.434343829467
89,SCLY,1,2.61584967151,-0.106941963536,-0.24876948101,-0.315374875338,-0.0562141905636,-0.604242655989,-0.562556743136,-0.220614988973,-0.501134772965
90,SIGMAR1,1,2.26554783844,0.473908626878,-0.473920969016,-0.864538824011,-0.487464032162,-1.04473060405,-0.311300718168,-0.0496576959421,0.49215637803
91,SLC1A1,1,2.63952193691,-0.2105867064,-0.201805694284,-0.216024074636,-0.18351933607,-0.548531170951,-0.481378065154,-0.307322323666,-0.490354565747
92,SLC7A11,1,2.64890773374,-0.178409236327,-0.533635312197,-0.326373191903,-0.252586678177,-0.328009138391,-0.496359574538,-0.273068797575,-0.260465804635
93,SMS,1,2.62577486275,-0.549967181157,-0.267408479156,-0.24197780749,-0.0233561866623,-0.214679779869,-0.289207929435,-0.483791872741,-0.55538562624
94,SRR,1,2.55376154557,-0.187227599116,0.110967968912,-0.376276897473,-0.0822628496525,-0.853692294364,-0.514376723463,-0.128751976056,-0.522141174353
95,SYN3,1,2.43650491352,-0.457322769229,-0.273210616468,-0.3235268639,-0.454415779515,0.70028652208,-0.596011864897,-0.728325827568,-0.303977714025
96,TCF7L1,1,2.4761238632,-0.36351293788,0.2810208893,0.0231175358992,-0.201012520678,-0.291005889771,-0.208928254021,-0.948540440554,-0.767262245494
97,TCOF1,1,2.4278549877,0.51139021042,0.201540415422,-0.359939029461,-0.269181894919,-0.633910865307,-0.504688785511,-0.71938917544,-0.653675862904
98,TES,1,2.39979725313,-1.03265401668,-0.778754631517,-0.594079469449,0.0169091694443,-0.173533915382,-0.288447824582,0.227999834578,0.222763600461
99,THOC1,1,2.40516980285,0.656459989624,0.0632146280387,-0.282139367037,-0.332997160229,-0.684123708781,-0.693178306187,-0.561745840544,-0.570660037737
100,TNFRSF21,1,2.40040633452,-0.853300012494,-0.671053155938,-0.336010519058,-0.195750245281,-0.468903278499,0.614109535886,0.0647580831448,-0.554256742278
101,TOMM40,1,2.63195466949,-0.101537802306,-0.214226367921,-0.223546053701,-0.228688865996,-0.28778499,-0.491083117931,-0.571267249257,-0.513820222378
102,TP53,1,2.48324998556,0.24704825338,0.104381007638,-0.494796055635,-0.49019017482,-0.123427496283,-0.173438740116,-0.889286955137,-0.663539824587
103,TTC39B,1,2.32983005997,-0.456668904607,-1.03104462371,-1.01026914375,-0.262348419194,-0.123769404741,-0.00593813337687,0.141268043663,0.418940525753
104,TXNDC9,1,2.51543443995,0.278411218571,0.108976046836,-0.372579729726,-0.660791709108,-0.625235794791,-0.563321058729,-0.15648839485,-0.524405018152
105,UFD1L,1,2.58240819316,-0.217126434021,0.233470267859,-0.43460868616,-0.187037893706,-0.455403864905,-0.539477901861,-0.602550208616,-0.379673471748
106,UQCRFS1,1,2.31518123066,-0.219937574311,0.21892732057,-0.492492184916,-0.838988528079,-0.0522773275668,-0.546689575918,0.589790300648,-0.973513661088
107,UROD,1,2.57673870043,-0.187508858999,-0.132129515443,0.0772587050555,-0.269887851341,-0.401580046328,-0.574818018959,-0.813626699073,-0.274446415337
108,USP25,1,2.53185983888,-1.0359921352,-0.202700245323,-0.0421591785018,-0.394337286377,-0.449937302794,-0.321210890265,-0.108951594743,0.0234287943301
109,USP44,1,2.61727588394,0.0169053123415,-0.0314866126887,-0.331473401049,-0.387070403436,-0.451343269206,-0.453711189891,-0.487073714096,-0.492022605912
110,VCP,1,2.35979408845,0.388012338835,-0.14151773298,-0.595183881664,-0.516997960562,0.389406935168,-0.275870544637,-0.55962952913,-1.04801371348
111,VGF,1,2.65688860685,-0.325102273864,-0.191523098432,-0.348644848193,-0.213535227329,-0.398867269578,-0.460689762366,-0.390486196281,-0.32803993081
112,WARS,1,2.64935582884,-0.478693026885,-0.361918799258,-0.113013043306,-0.266037386128,-0.440242822872,-0.428540386458,-0.315546477764,-0.245363886167
113,XBP1,1,1.58037243897,-1.56372613397,0.366455958011,-0.284550832151,-0.319318678084,1.41384369783,-0.495522712265,0.0063094580066,-0.703863196346
114,YWHAH,1,2.56707398158,0.00251389982909,0.0862691969745,-0.47331174029,-0.643222968063,-0.690729642184,-0.270121364538,-0.135068338092,-0.44340302522
115,ADAM19,2,1.92467070538,-0.0481461993891,1.104658728,0.442086668066,-0.255575608431,-0.363524673675,-0.815837097192,-1.13168122824,-0.85665129452
116,ADORA1,2,0.0211041376866,2.53700224629,0.277583419487,-0.20163247225,-0.548592273102,-0.56670219286,-0.551588597693,-0.643896426334,-0.323277841221
117,ADRBK2,2,0.934192236109,1.08671183562,1.70922939814,-0.171285566318,-0.175166058045,-0.614313995505,-0.779697404643,-0.986138806344,-1.00353163901
118,APEX1,2,2.30657341947,0.693068193918,0.339944566393,-0.187310220632,-0.458967184017,-0.639930372225,-0.682125667437,-0.79310635764,-0.578146377829
119,APOE,2,1.67519944133,0.845728855997,0.401430847473,0.507270138562,0.193451916804,-0.257690726457,-1.43286485416,-0.832617130583,-1.09990848896
120,ARRB2,2,1.3026010442,1.52749099664,0.727618654521,-0.0595687543442,-0.280537686643,-0.821023800689,-0.102584416476,-1.2927897967,-1.00120624051
121,ASRGL1,2,0.356568721589,1.10005125207,2.02141686763,-0.128849705287,-0.208390872718,-0.926499860888,-0.624669348889,-0.747274268271,-0.842352785235
122,BRD4,2,1.72078571412,0.446562385057,0.088539689647,-0.39343571376,-0.67330585683,0.52016434203,0.647398431067,-1.79348559625,-0.563223395084
123,CCAR1,2,1.95518383638,0.526203498124,1.0683368585,-0.699988725756,-0.323908317778,-0.402499510416,-0.140472358767,-0.900527376157,-1.08232790414
124,CCBL1,2,2.21101047016,0.621870654259,0.450136321362,-0.225345920485,-0.00089424643218,-0.513729880826,-0.667788110242,-0.897960701288,-0.977298586502
125,CCKBR,2,0.383067804175,2.52179345478,-0.0127072460934,-0.496830985805,-0.623904116644,-0.657255703491,-0.454784307792,-0.303671313238,-0.355707585889
126,CDKN3,2,1.56871309054,0.831573531319,1.38440014964,-0.0256593110682,-0.610522349968,-0.746517319118,-0.574563839401,-0.897678825269,-0.929745126675
127,CLN6,2,2.21536601491,1.07102168437,-0.0228367445646,-0.285431625538,-0.406478226457,-0.804147431022,-0.638659712113,-0.619988197096,-0.508845762492
128,CNOT3,2,2.00568599389,1.08201437796,0.336747177647,-0.140011072664,-0.117138865576,-0.529650268974,-0.728481655209,-1.06876157209,-0.840404114979
129,CTNNBL1,2,-0.21023395063,1.32905052898,1.4380689275,0.830445925016,0.0738523234738,-0.319491830527,-0.896680525665,-1.11412556377,-1.13088583438
130,DBN1,2,1.94866469597,1.33397686814,0.141612150911,-0.393468639001,-0.710961985007,-0.769344600165,-0.133666584453,-0.962804502749,-0.45400740364
131,DGKH,2,1.31554643076,0.383157087715,1.58614966241,-0.220661717234,0.00628577862384,-0.207296642712,-0.43150767391,-1.64725215517,-0.784420770494
132,DLG3,2,1.36564276526,1.18754723995,1.01294164809,0.291901020628,-0.125432826727,-1.0766536244,-1.10165985603,-0.869394167144,-0.684892199626
133,DMTF1,2,0.756840709862,1.04245026723,1.54142073249,-0.146258971528,0.42866516682,-0.410956299432,-0.777446792723,-1.11214455423,-1.32257025849
134,DNMT1,2,2.30188204186,0.62592766607,0.418679114722,-0.42998480704,-0.147027913548,-0.642770607062,-0.699313746293,-0.772176248223,-0.655215500488
135,DTWD1,2,0.189742703473,1.90577287107,1.31803259185,-0.482221365444,-0.160294324365,-0.450906274364,-0.956611900114,-0.301903613622,-1.06161068848
136,FGA,2,-0.149439809142,2.63705316773,-0.0631134728851,-0.397297542677,-0.46422675127,-0.263415871167,-0.337335572939,-0.490121635354,-0.4721025123
137,FUS,2,1.95006066445,1.47531076262,-0.231553619452,-0.197314125122,-0.356492939259,-0.758584661055,-0.743212907808,-0.682030612067,-0.456182562305
138,GBE1,2,0.416869532307,0.37337489218,1.33259065134,-0.623458872089,1.67751103646,-0.781057117981,-1.14964353541,-0.618198827585,-0.627987759225
139,GLO1,2,1.85728465575,1.05345791731,0.129895951716,-0.759582839892,-0.0586431587404,0.0124804105627,-0.2332377097,-0.374100144343,-1.62755508266
140,GNA15,2,2.09681528164,0.214309559701,1.11837811024,-0.197896641637,-0.553910265701,-0.382601547407,-0.598899295758,-0.94052172077,-0.755673480307
141,GRK6,2,2.35512866442,0.422070387804,0.436143045562,-0.0502520434906,-0.594199269365,-0.539329063428,-0.495661634949,-0.857574910816,-0.676325175732
142,HDAC1,2,1.31983149089,1.71569373443,0.695465925255,0.0246863688759,-0.696680012265,-0.753859126586,-0.821916954375,-0.763639939287,-0.719581486929
143,HDAC2,2,1.37268987879,1.56803154538,0.732302257306,-0.131743971735,-0.442964501028,-0.513194538723,-0.40023039931,-0.872521062659,-1.31236920802
144,HINT1,2,1.73393240609,0.323497389108,1.00193684001,-0.0640183836847,0.523417631802,-0.359290479279,-0.739626285064,-1.17175075377,-1.24809836521
145,HOMER1,2,1.8742136359,1.09410853008,0.887552819189,-0.595329019684,-0.553569460365,-0.724903350222,-0.597379184462,-0.674903900861,-0.709790069572
146,IL18,2,1.38857650134,1.65025677773,-0.898125242315,-0.331114651252,-0.055569760529,-0.832944363153,-0.66969379908,0.666541635461,-0.917927098199
147,IMPA1,2,1.02067703588,0.83574837658,1.40017785736,0.168666801111,-0.25490330103,-0.131516974244,-0.801802729815,-0.396219336239,-1.84082772961
148,IMPA2,2,2.21217802775,1.10122410346,-0.107926828295,-0.241627578785,-0.394010385874,-0.724119544266,-0.571190143703,-0.584919217517,-0.689608432772
149,IPO5,2,1.28668736912,1.84917593923,0.409488678305,-0.238329795004,-0.14143953831,-0.491717050866,-0.706610473683,-1.03035206327,-0.936903065516
150,JPH3,2,0.63849290323,2.21815167406,0.124292439854,0.279686448146,-0.93296809937,-0.362122508495,-0.249277994296,-0.713231327629,-1.0030235355
151,KIAA0101,2,2.015324383,0.799311650129,0.730828383643,-0.619934567727,0.144029232435,-0.791911698292,-0.707604055892,-0.780049730554,-0.789993596745
152,KIF18A,2,1.14440863927,1.22558604235,1.41960774484,0.0940294282455,-0.520822583803,-0.808390002001,-0.648002106654,-0.919522167292,-0.986894994955
153,KPNA4,2,2.23013735328,0.565365232585,0.600326600086,-0.344001848682,-0.758847098713,-0.315969901389,-0.289718304929,-0.693611944002,-0.993680088234
154,MFHAS1,2,1.76505724369,1.52707699672,0.412291550819,-0.351165083749,-0.612011327264,-0.674332862786,-0.740217297358,-0.695269835377,-0.63142938469
155,MRPL14,2,2.32233122074,0.523785290058,0.416773272201,-0.32562872866,-0.320525101237,-0.239451008766,-0.864074876325,-0.779969202662,-0.73324086535
156,MTOR,2,2.15585551444,0.881150360848,0.0843945370305,-0.881902708885,-0.455565939454,0.295156595142,-0.550004647812,-0.875840698957,-0.653243012356
157,NAPG,2,1.52900136841,0.323383724405,1.1344759072,0.12548089824,-0.234493388307,0.481974875293,-0.769313369438,-1.1945185164,-1.39599149939
158,NGFR,2,0.362572484835,2.13426011169,0.782412455338,0.0380941643367,-0.635943392087,-0.0867182366396,-0.694235537229,-0.957553434213,-0.94288861603
159,NPC1,2,0.359012742465,-0.251411931274,2.4346997214,-0.217507312996,-0.357665200133,0.204261493705,-0.486152469663,-0.901041135441,-0.784195908068
160,NPL,2,0.440836216361,0.530657495699,2.03299691868,0.69640930051,-0.706862974534,-1.02928816281,-0.837412062346,-0.635122075228,-0.492214656336
161,NT5C2,2,1.72377523496,1.05104924757,0.84154965673,0.178850496471,-0.898782046286,-1.05631479301,-0.800234851884,-0.718725871079,-0.321167073474
162,PALB2,2,2.00880819072,0.705368473272,0.777342154552,0.129442217661,-0.417720513197,-0.620665436661,-0.687264180368,-1.04246862886,-0.852842277122
163,PAWR,2,1.87312492111,0.672321708167,1.20838715684,-0.263891848256,-0.790223502684,-0.697579904859,-0.483244563134,-0.683841213858,-0.835052753323
164,PBRM1,2,0.916556166984,1.56491491832,1.44620231287,-0.671670907488,-0.743038683269,-0.522312006478,-0.719283238704,-0.730155039878,-0.541213522357
165,PCNT,2,1.6896353153,0.767166344404,1.11728433853,-0.373799329005,-0.151075801618,-1.33647138475,-0.954694180257,-0.662572551243,-0.095472751354
166,PDYN,2,-0.113451879192,1.5568981811,1.89173330308,-0.317946956886,-0.409706949668,-0.570491977738,-0.701448636985,-0.723500431316,-0.612084652396
167,PGBD1,2,1.38219395954,1.55111129772,0.735782615425,-0.0725600046946,-0.128819043397,-0.831222818108,-0.642673552288,-1.11680936191,-0.877003092294
168,PHGDH,2,2.09654086347,0.660029949919,0.173420892808,-0.137554951,0.555004214982,-0.808624908556,-0.767351981199,-0.878478632438,-0.892985447986
169,PIK3C2A,2,1.62727236088,1.43740016126,0.645432230033,-0.0925564756595,-0.885242411275,-0.444630792448,-0.467741777382,-0.957423663601,-0.862509631801
170,PIP4K2A,2,1.6955991265,1.40893579008,0.695074224093,-0.287079313976,-0.598109535985,-0.569603524944,-0.675424586348,-0.980442690517,-0.688949488898
171,POLG,2,1.42316957127,0.403674819939,1.07201600542,0.043171691221,0.106254792933,0.370074434226,-0.500491857537,-1.4097689503,-1.50810050718
172,PON1,2,-0.0138440245909,2.60579972595,0.0515817165892,-0.405655371648,-0.300824024321,-0.392667047313,-0.477774062859,-0.550812742571,-0.515804169239
173,PPIG,2,1.47638276451,0.791110869024,1.49042568902,-0.419435451023,-0.600299008141,-0.314195953814,-0.305273046522,-1.07340445866,-1.04531140439
174,PPP1R12A,2,1.96473982144,0.567454763281,0.714024203943,-0.401580245083,-0.104826272549,0.00966134811223,-0.278990864949,-1.17985655328,-1.29062620092
175,PPT1,2,0.706395206153,1.61376060245,1.03955778716,0.0702182203803,0.336574743746,-0.620594092182,-0.957604914799,-1.12060947615,-1.06769807676
176,PRKAG2,2,2.13283960639,-0.397475760257,1.0929574954,0.155887237976,-0.293560406749,-0.347313475183,-0.643350407592,-0.784900236025,-0.915084053957
177,PTBP2,2,0.618830307736,2.00815053798,0.889163932507,-0.0739372667389,-0.154992944386,-0.670384925336,-0.725619609329,-0.946303946625,-0.944906085806
178,RAN,2,2.29128737764,0.571885170269,0.559314310351,-0.37282842826,-0.399728586461,-0.558504351319,-0.548030406808,-0.708316175054,-0.835078910354
179,SGOL1,2,0.836821255027,1.10343970309,1.7626419044,-0.0407829684853,-0.325551094379,-0.697013902832,-0.686887471546,-0.934501046697,-1.01816637858
180,SHISA9,2,2.00016441703,0.0843383947763,0.938631336558,-0.0105410686688,0.0619074274459,-0.0999602789922,-0.680179274373,-1.18306163179,-1.11129932199
181,SIRT1,2,2.15562922794,0.875583273285,0.472992587579,-0.34985048375,-0.603569743069,-0.269426211039,-0.54654256458,-0.859988652012,-0.874827434352
182,SLC39A10,2,0.690389976028,1.55325014938,1.50325743957,-0.262385994351,-0.485651914815,-0.92819002707,-0.466652614534,-0.501548981975,-1.10246803224
183,SNRNP70,2,1.96196350235,0.362146803891,0.789073824474,-0.511030168565,0.244140032667,-0.238629726261,-0.251961590053,-0.876970237506,-1.478732441
184,SNRPD1,2,2.11192155551,0.64034032173,0.772489167915,-0.256064203148,-0.179385761099,-0.610745832734,-0.728205826364,-0.867818529497,-0.882530892312
185,SORL1,2,1.16841505316,2.03503607755,-0.199385140869,-0.187396932656,0.0809761622531,-0.273074970612,-0.712989222593,-0.924083558481,-0.987497467755
186,STMN1,2,0.269627631728,1.68257108815,1.4867130794,-0.306022543579,0.120297625487,-0.814001861821,-0.519054462673,-0.994351817884,-0.9257787388
187,TARDBP,2,1.7412916345,1.08080150064,0.758916728692,-0.488139924522,0.257475379958,-1.09210003661,-0.685524893759,-0.686632513317,-0.886087875585
188,TBP,2,1.94573363259,0.985393137789,0.498152921267,0.251036051709,-0.534405175098,-0.709666768755,-0.832517105779,-0.515790486011,-1.08793620771
189,TIMELESS,2,0.445075333331,1.33798288163,1.31588681097,-0.408529190832,0.870994133981,-0.754992042789,-0.609609128447,-1.09698061357,-1.09982818428
190,TREM2,2,0.104328250139,-0.470300212889,2.57470047176,-0.170710776209,0.0553642288581,-0.471670984287,-0.554959522274,-0.593419534381,-0.473331920721
191,TRPM7,2,1.84271246284,0.663774436619,0.127476561756,0.440251199655,-0.302256998107,-1.41381632647,-1.2723211501,-0.390057990217,0.304237804018
192,UPF3B,2,0.891142088497,1.79115681893,0.719869899669,-0.0375640334866,0.229376251232,-0.55299510226,-0.862347535416,-1.05253354103,-1.12610484613
193,VRK2,2,1.85901017486,0.993419419937,0.569874874077,0.109747957187,0.0460757166604,-0.792181804594,-0.956336800636,-0.88011723226,-0.94949230523
194,VSNL1,2,1.19897287698,2.2069355017,-0.339472174342,-0.537319257678,-0.529902508997,-0.533393563414,-0.53150627633,-0.509995491859,-0.424319106057
195,WDFY2,2,1.7368990845,1.48792424177,0.173202164567,-0.257556207067,0.102034486374,-0.673985849565,-0.786622427028,-0.860042634698,-0.921852858855
196,YLPM1,2,1.54771744316,1.71199110206,0.239914921184,-0.24480570414,-0.519845888684,-0.903420052395,-0.574347170536,-1.04669573729,-0.210508913359
197,YWHAE,2,0.342641261338,1.63360307407,1.28882806091,0.189443659779,-0.133771733891,-0.488433712643,-0.320139051416,-1.22061084341,-1.29156071474
198,YWHAQ,2,2.10968864022,0.0416710345286,0.931903570208,-0.0974163139378,0.115693647009,-0.861664487062,-0.460237835921,-0.646593480691,-1.13304477436
199,YWHAZ,2,0.193955213181,0.035772999925,1.7626076464,0.747820210188,0.211071489751,0.261322707503,-0.395005106231,-1.24005572537,-1.57748943534
200,ADRA1D,3,-1.2108864434,-0.957589592416,0.964657142573,0.624882256946,1.47526420204,0.910232297423,-0.638646820211,-0.900916657726,-0.266996385228
201,ASTN2,3,-0.898638523555,0.732258118031,0.962980536449,-1.02174386502,0.377152591838,-0.949146373175,-0.792596594066,-0.140546027177,1.73028013667
202,C9orf72,3,-2.20239919563,0.21187514316,1.22155211384,0.240003160831,0.150011828196,-0.387866667422,0.373002280538,0.960171173783,-0.566349837292
203,CA4,3,-1.26898580835,1.47619281143,1.73662730272,0.0290251371932,-0.736495554104,-0.545823217718,0.0468836082473,-0.169502562061,-0.567921717366
204,CACNB3,3,-1.99872624996,1.73101909681,-0.0383745349133,0.632000979597,-0.305170187762,0.376001973487,0.084396330986,-0.594401302382,0.113253894135
205,CACNG2,3,-0.928124192117,-0.778833103372,0.688806156071,2.11275089643,-0.496733242528,-0.536891421243,-0.253857759566,-0.602054291046,0.794936957368
206,CALM2,3,-1.8339320775,-0.725318789637,1.10806065761,1.31320329056,0.37638408363,0.232645905958,0.0528718000725,0.379321196039,-0.903236066737
207,CAMK2A,3,-2.20973521346,-0.248479701647,0.897864285143,0.128889593323,0.417774247814,-0.638888734872,1.0286018434,0.757603186169,-0.133629505863
208,CCK,3,-0.93243600621,0.519914239217,1.28946751123,-0.680606105109,-1.01316779314,-0.792524837654,-0.243296773456,1.73389768235,0.118752082781
209,CD4,3,-1.83299550009,-0.199357136243,0.743165547327,0.561062331554,1.74409238442,0.291949701787,-0.544274995734,-0.285916768499,-0.477725564527
210,CDC25B,3,-0.424819013905,-0.875592891465,1.61879879762,0.787688532364,-0.701665229386,-0.818039524813,0.177492527926,-1.0201311582,1.25626795986
211,CHI3L1,3,-0.585508846254,2.33864093763,0.933571709496,-0.507847409154,-0.33802498808,-0.557490123571,-0.569678887978,-0.52149093192,-0.192171460172
212,CREM,3,-2.01820438622,-0.598124680746,1.10524312035,0.690417192437,0.925614123919,0.530481434077,0.163824258027,0.039947040601,-0.839198102446
213,CTNNA2,3,-1.34517596289,-0.332883737244,1.69643671201,0.943747539641,1.0727437139,-0.257052383325,-0.449032899312,-0.594336319956,-0.73444666283
214,DLC1,3,-1.64624045987,0.697186464602,1.87422268528,0.680482250736,-0.567722314901,-0.101986744208,-0.661284821285,-0.238152203439,-0.0365048569182
215,DLX1,3,-0.598117938542,-0.58121520635,-0.366720510945,2.57793125251,-0.179539824425,0.0461045210435,-0.619464240915,-0.322819113264,0.0438410608885
216,DRD2,3,-0.759617685859,-0.299217857051,2.47229794845,0.558615032681,-0.655097053999,-0.397700336575,-0.468344515515,-0.245542931491,-0.205392600643
217,DRD4,3,-0.998870518542,0.778947315853,1.70982446349,1.27365504574,-0.066814153209,-0.567753204238,-0.799241554944,-0.658057041606,-0.671690352538
218,EFNA5,3,-1.00545457932,2.14644578569,1.07174205726,-0.118318091841,0.0127260020238,-0.287160855713,-0.624064758322,-0.724476999817,-0.471438559962
219,EFS,3,-1.55491231163,1.94066018836,0.381190216109,-0.132369182354,0.970007864155,-0.366599853746,-0.272763862502,-0.619954985948,-0.345258072444
220,EGR1,3,-0.921480765636,0.819689060978,2.32376356888,-0.395789039739,-0.683294720834,-0.505656496389,-0.0887440528772,-0.418434589008,-0.130052965372
221,EGR2,3,-1.05689692782,2.16018317523,0.46125431383,-0.684326447565,-1.21962736577,0.171115136738,-0.00116712284207,0.131569610699,0.0378956275005
222,EGR3,3,-0.556638088046,1.3529098536,2.10668191168,-0.440681612746,-0.528105085807,-0.471075534072,-0.573124660271,-0.478002711062,-0.411964073286
223,ENO2,3,-1.76502889413,0.0064023618084,0.449518779993,0.177742940823,1.96519900764,0.415363083113,-0.169236350241,-0.491814349418,-0.588146579584
224,ESR2,3,0.00516139060941,1.28671217806,-0.626072645628,-0.175207617178,0.272109016528,-0.1926536146,1.52556397276,-0.245503391371,-1.85010928918
225,F2,3,-0.0266736705002,0.691682908714,0.462809913158,1.65338394372,0.991496559527,-0.907007384697,-0.814124250126,-1.0257840099,-1.0257840099
226,FABP7,3,-1.58518344981,-0.793967818814,1.76769076861,0.226227733262,1.10671303582,-0.0116771232865,-0.431233685842,-0.479274310495,0.200704850558
227,FEZ1,3,-2.11662122173,1.11912972298,0.57288581605,0.370518428546,0.943881844888,0.195055615528,0.191006749369,-0.531550593523,-0.744306362107
228,FLVCR2,3,-0.337832446381,2.08430315143,1.29838708065,-0.0284145478423,-0.491523797391,-0.642762033931,-0.731347719719,-0.61505066893,-0.535759017882
229,FMR1,3,-1.7524772762,0.0172804897621,0.103746060125,-0.357079299029,1.68635149279,0.671948411653,0.830014600897,-0.392173381697,-0.807611098298
230,FOS,3,-1.77839795903,-0.293217313542,1.59384590119,-0.179600609186,-0.97126237727,-0.205171015188,0.702956327896,0.392619730408,0.738227314723
231,FOSB,3,-0.871088915056,1.14082346919,2.02432349616,-0.200196616401,-0.514517373876,0.429561524968,-0.601289153631,-0.692195185188,-0.715421246164
232,FYN,3,-2.29100577147,0.244652130791,0.719056255192,-0.132705321574,-0.253818662324,0.201396327459,1.37626079519,-0.204348388864,0.340512635604
233,FZD3,3,-1.59604895362,1.63910308113,1.45962355383,-0.164986765314,-0.0526377329911,-0.553920357105,-0.117859192133,-0.0867439812082,-0.526529652597
234,GABRB2,3,-0.713619493495,1.93853090948,0.851356156094,-0.776346100456,-0.693899953131,-0.0863025804127,-0.92861847599,-0.492130301441,0.901029839356
235,GAD2,3,-1.39363492551,0.476309583524,2.2074330837,-0.563697245126,0.451680045188,-0.444471548716,-0.0957638242569,-0.204417032893,-0.433438135915
236,GDNF,3,-0.402205525438,-0.463199933629,2.32470131225,0.97072047283,-0.220032365906,-0.505838471874,-0.521202656233,-0.619095923332,-0.563846908671
237,GLUL,3,-2.21101238672,0.356731900848,0.770172909487,0.166370268055,-1.10750821047,0.425238017161,0.788300995154,0.355518338623,0.45618816787
238,GPC1,3,-2.13183418868,0.671867879196,0.170238984328,0.325014607193,-0.94222593091,0.113948980663,0.264716577681,0.159734991231,1.3685380993
239,GRIA1,3,-1.84858613288,1.42149361698,-0.243028631535,0.176161309136,1.46534795812,-0.050684267518,-0.36026297998,-0.413148141768,-0.147292730553
240,GRIK3,3,-0.426461946631,2.55935464256,-0.246468695393,-0.214756126211,-0.532066866295,-0.535099180066,-0.538146954779,-0.420306031426,0.353951158241
241,GRIP1,3,-1.57452920804,1.23812403463,0.932863710859,-1.04231816656,0.640133126258,-1.01633282423,0.743989730475,0.165474122794,-0.0874045261808
242,GRM2,3,-0.520443742638,1.20505417861,2.00082777494,0.201210781909,-0.946473115272,-0.645191938939,-0.745075932728,-0.602645645061,0.0527376391783
243,GRM3,3,-1.36426917974,1.37786726417,1.29778189186,-0.467433985247,-0.314494761725,-1.09355095912,-0.440688030955,0.087813839807,0.916973920959
244,HES5,3,-0.70706904512,0.539932968362,2.43623652968,0.0788440658924,-0.166936514866,-0.353443577036,-0.634003459682,-0.593908240485,-0.599652726745
245,KALRN,3,-1.79882330516,-0.194861293209,1.31730924579,0.0966262910222,-0.177924103973,-0.809464368925,-0.394899165509,0.653913935628,1.30812276434
246,KCNC1,3,-1.84862138819,0.724467565461,0.828277137469,0.587770655071,-0.311685606156,-0.941694870455,0.108083767974,-0.486113230049,1.33951596887
247,KCNH5,3,-1.17188628632,2.30335109055,0.515540468131,-0.436085884449,-0.319048141569,-0.631228551341,-0.388453461872,-0.257029441686,0.384840208558
248,KIT,3,-0.968306970955,-0.340595000532,2.05270891201,0.762889090559,0.72088890816,-0.745679297244,-0.857728734058,-0.580926317743,-0.0432505901964
249,LGI1,3,-1.77826680388,0.222876373068,1.71122282202,0.813917511549,0.472635708622,-0.725232148951,-0.668380308886,-0.0180539690104,-0.030719184528
250,MAP2,3,-2.10123346768,0.823373810335,1.3615854526,-0.141844023899,0.442611030372,-0.417365242959,0.675189286668,-0.304209929002,-0.338106916428
251,MED12,3,-2.50248819033,0.402100730728,0.309969915895,0.390696103287,0.180543573198,0.766763371868,0.52807299095,-0.498751056624,0.42309256103
252,MMD,3,-0.418292198118,1.32150846983,1.98747857996,-0.13306026871,-0.182650212552,-0.178195656867,-0.583646481947,-0.731399091652,-1.08174313994
253,NCAN,3,-0.738598407002,2.37621675025,0.11493208186,-0.503967582434,-0.567633620659,-0.593349714039,-0.484149337344,-0.327831237402,0.724381066767
254,NEBL,3,-1.58299838509,0.0382681784319,1.88884645831,0.80751352692,0.601481721957,-0.144628969035,-0.413916050626,-0.545738192205,-0.648828288663
255,NMUR2,3,-0.391588823833,1.63611754639,-0.287717652727,-0.0573062670508,-0.288242022666,-0.687853208513,-0.842948531554,-0.842948531554,1.76248749151
256,NOS3,3,0.00757101869487,0.856224841822,-0.250573317646,1.09411791436,0.328016487523,1.30687285684,-0.716887163967,-0.972605124135,-1.65273751349
257,NPAS1,3,-1.21403091379,-0.192596036343,-0.347997300957,2.2979566329,-0.243070276372,0.654549825355,-0.482321986321,0.121212992799,-0.593702937277
258,NPAS4,3,-0.354564750354,1.66175268032,1.84483929106,-0.402211494311,-0.657342800804,-0.474584532893,-0.435404014577,-0.562830694249,-0.619653684192
259,NPY,3,-0.645868255759,2.16728762326,-0.0642562321043,-0.514157845962,-0.603672224664,-0.683776239482,-0.592171317079,-0.237373658601,1.17398815039
260,NRXN1,3,-0.614203552526,1.645720646,0.204259984245,-1.00556937025,-0.651886803919,-0.948200643438,-0.48973675246,0.396659134535,1.46295735782
261,OPRK1,3,-0.714058401896,2.45400295247,-0.20232550977,-0.238614732826,-0.0822270383039,-0.568876355407,-0.730756033341,-0.459720645139,0.542575764211
262,PCM1,3,-1.82962641408,1.09464298718,0.374246346019,0.65074774218,-0.824445990402,-1.03779777516,0.495498866123,0.931278123464,0.14545611467
263,PDE10A,3,-1.99289109009,1.27623225616,1.16370511856,0.352032975988,-0.028293941197,-0.0524892347925,0.465667364098,-0.582157586146,-0.601805862587
264,PLCB1,3,-2.22265605859,1.55557113111,0.181575033009,0.354717673349,0.0020642267772,-0.231585629803,0.578622398093,-0.294808603113,0.0764998291747
265,POMC,3,-0.256711234227,-0.643643060501,2.53311455531,0.273741562646,-0.0891949862367,-0.07317825142,-0.583124271266,-0.559183940455,-0.601820373853
266,POU3F1,3,-0.242839075352,2.58742083761,0.284552373461,-0.376217745667,-0.368145964005,-0.462346070661,-0.468956290894,-0.478568363009,-0.474899701485
267,PPP1R3C,3,-1.36899808708,1.48095650399,-0.196227806055,-0.116986933965,1.60663724239,-0.583585486271,-0.814331467718,-0.388050817187,0.380586851899
268,PRDX6,3,-0.0776235099053,0.86908914741,0.876451513564,1.2452177064,0.404786108785,0.275754639667,-0.766266349068,-1.19490544327,-1.63250381358
269,PSEN1,3,-2.25060786708,1.23832823332,0.496227087902,0.0635543712526,-0.486933296297,0.765045548453,0.512626556838,-0.103397954575,-0.234842679815
270,PTGIS,3,-1.02994137833,2.30318681627,0.62180340293,0.136232597627,-0.207778890357,-0.0911272110365,-0.289274761395,-0.884225877254,-0.558874698446
271,PTPN21,3,-1.01354063019,1.9447482996,0.97627838713,0.113501039364,-1.31621024393,-0.361296759218,-0.368688150447,-0.323174199476,0.348382257176
272,PVALB,3,-1.49048406851,0.326901929668,1.93747797938,-0.300524603172,-1.04789982441,0.0135295975278,0.780624239427,-0.328544757726,0.108919507813
273,RBFOX1,3,-1.42442640603,-0.676632122022,1.2967865822,0.590030136535,1.58064059247,-0.10931695947,0.0872100268527,-0.496295669681,-0.847996180855
274,ROBO2,3,-1.13615034038,-0.888388463053,0.485233340048,1.01356143697,1.75273804408,0.494324608396,-0.103752386342,-0.912941328168,-0.70462491155
275,SDK2,3,-2.07456759464,1.34571973266,0.87838696436,0.443895132597,0.343483253885,0.259531305842,-0.128558365699,-0.802777566098,-0.265112862906
276,SKAP1,3,-0.876421273351,-0.337015842558,0.997875849307,1.74137283266,0.518121785079,0.618949370505,-0.673000625196,-0.940734071163,-1.04914802528
277,SLC1A6,3,-1.99341581631,0.991567742988,1.38003217598,0.25274515036,0.204944843144,-0.409446825666,0.577125136957,-0.382535598568,-0.621016808879
278,SLC6A3,3,-0.442286182504,-0.689575076975,0.456649926862,2.34437305938,-0.562260430098,-0.604490015038,-0.647180228448,-0.434265655929,0.579034602749
279,SNAPIN,3,-2.18951019342,-0.0751926363517,1.00115644546,1.04719775616,0.973161162996,-0.215929535669,-0.122481771006,-0.157946248776,-0.260454979398
280,SNCG,3,0.196422513174,-0.885232622852,0.32460405984,2.44501450976,-0.327127331529,-0.235308454422,-0.197540536385,-0.558892032125,-0.761940105462
281,SST,3,-0.412042583924,-0.411307664313,-0.267001125388,2.65819171694,-0.340403139004,-0.380845438286,-0.35839298937,-0.331397746985,-0.15680102967
282,TLE4,3,-1.42686606834,1.68817987354,1.38710331326,0.326118668096,-0.0593397865704,-0.291865254606,-0.26465777498,-0.648139089223,-0.710533881177
283,TMTC1,3,-1.52662211907,1.23271919813,0.627396730899,-0.468585873225,-0.689225044538,-0.950688518947,-0.215290379116,0.739413726092,1.25088227977
284,WASF3,3,-1.10460283199,1.94667378779,1.21842490518,-0.0414137395118,0.214732278896,-0.441301553652,-0.239695720766,-0.783751429498,-0.769065696445
285,ABCA13,4,-1.41469622189,-1.34468498834,-0.256832232413,-0.382462899256,1.43013841614,0.00110753135131,0.0975485870872,1.23089224049,0.638989566824
286,ACSM1,4,-0.977313223349,-1.02431269382,-0.77978933878,-0.144921813043,1.48286140674,1.62777011743,0.487426558137,-0.170231542201,-0.501489471117
287,ADAMTS2,4,-1.37509111737,0.570511276252,-1.54515699442,0.994953732071,-0.353131200786,1.44967071619,0.410080638701,-0.0645600337008,-0.0872770169329
288,AHI1,4,-2.13458465678,-1.00098077642,0.0349929139467,0.790529513149,0.0846921050237,0.25414417304,0.974861805655,0.883500410765,0.112844511618
289,AIF1,4,-0.456822878948,-0.509598300874,-0.618948656034,-0.473283727839,-0.0458900480516,2.59386720174,0.112731263045,-0.313895714505,-0.288159138539
290,AQP4,4,-1.36967058007,-1.33332064629,-0.967150690236,-0.217409250267,0.700845236412,1.26084497657,0.728914496558,0.466109219127,0.730837238205
291,ARNT2,4,-2.32215378202,-0.301120826771,0.209407995817,-0.00959581601298,-0.114076678388,-0.0774590621301,0.744763229044,0.660882859468,1.20935208099
292,ASPRV1,4,-2.13116656991,-0.169815989364,-0.308302194278,-0.307876356306,1.11284390517,-0.22311532922,0.192667033142,0.57756760003,1.25719790073
293,ATN1,4,-1.85730604341,-0.325018586303,-0.774195016629,-0.108200765792,-0.303492444129,0.624286799133,1.58854603322,0.294035134063,0.861344889845
294,AVPR1A,4,-0.92177889727,-1.00741106315,-0.534045989233,-0.0338555298598,2.14441954418,0.906345722606,-0.518767923033,-0.299736637683,0.264830773443
295,BACE1,4,-2.13515481853,-0.640541579743,-0.10479596797,-0.12879249724,0.0288348354373,0.483532005452,0.457910954594,0.529524615471,1.50948245253
296,BLOC1S3,4,-0.226077629748,-1.41391579223,-0.948463612753,-0.180770411737,-0.529079524297,1.89495879594,0.741939221171,-0.103732618792,0.765141572451
297,BMP7,4,-2.11544072466,-1.28292437396,0.31493996896,0.649393583408,0.41706784753,0.23820341743,0.807408040052,0.442319506362,0.529032734875
298,CCDC60,4,-1.57359302942,-1.1588923197,-0.885690832034,0.79946112811,0.128741034445,0.414519698703,0.518474208512,1.4935027907,0.263477320689
299,CDH18,4,-1.24143866055,-0.966719195961,-0.10988501443,0.39291616754,2.26493629232,0.171053250207,0.0763694101479,-0.192676909318,-0.394555339954
300,CDR1,4,-1.1725593624,-1.18032957456,-0.910553943509,-0.460362388847,0.60862271266,0.73777885923,1.00576148993,-0.127778314019,1.49942052151
301,CHRNA7,4,-1.66535553659,-0.571910102313,0.0987289121598,-1.29355029864,1.08381128386,0.715286254377,0.766551660936,0.965783449785,-0.0993456235764
302,CNTN1,4,-0.985848849239,-1.18012402212,-0.569919269485,-0.190443934534,1.26982444125,1.8988467352,-0.118658009965,-0.193238132317,0.0695610412115
303,CNTN4,4,-2.12463694778,-0.887595012769,-0.0151455959715,-0.0190492924462,0.231742594645,0.295923950718,0.385819518531,0.808933835118,1.32400694996
304,CORT,4,-1.59819387687,-1.18529821083,-0.398632371875,0.284476633549,1.59362410074,0.268916992489,1.03937743424,0.231039548064,-0.235310249504
305,CPLX1,4,-0.399256133508,-0.717028860013,-0.41845080564,2.53068379981,-0.29854304144,-0.494032879918,-0.454663299538,-0.170592295733,0.421883515978
306,CRHR1,4,-1.30558617626,-0.591472964569,-0.443785942634,0.468616001225,-0.26521342486,1.99887921561,1.02761243133,-0.367033363372,-0.522015776467
307,CRY2,4,-1.78751110553,-0.760114916403,-0.656909906677,-0.21792298225,0.365123008776,1.70803775698,0.648034863877,0.225199907478,0.476063373754
308,CUX1,4,-1.42578665601,-0.92616531372,-1.13247067288,-0.324727805752,0.150124382565,0.906758917982,1.36698979475,0.536905871008,0.848371482066
309,CYP2D6,4,-2.02044480883,-0.0976156427245,-0.949540134714,-0.0907604378841,1.25478272615,0.265935000495,1.07326313313,0.137185454697,0.427194709688
310,DBH,4,-1.7131346756,-0.051237260483,-1.20331362105,0.580283974071,0.200605297632,-0.235838070216,0.921323708813,1.52724558825,-0.0259349414149
311,DDC,4,-1.14147889811,-1.202447825,-0.70708388189,0.643049400639,1.94461802326,-0.456470277114,0.16717126252,0.511560269303,0.24108192639
312,DPP10,4,-1.6677009661,-1.55878729328,-0.195282975919,0.265703111267,0.890083377415,0.219993859008,1.11021425993,0.758716192317,0.177060435362
313,DTNBP1,4,-2.4762724478,-0.0724697934815,-0.0872411580197,0.954794420979,0.148647748305,0.710158785227,0.0498371873807,0.14516995203,0.627375305377
314,ERLEC1,4,-1.39775143779,-1.25182758828,-0.793111501349,-0.0533285324658,-0.0976129295006,1.25088584575,0.659669361596,1.30065043867,0.382426343374
315,F10,4,-2.19133207442,-0.0951685908048,-0.420613774801,1.29050529051,-0.121016607351,-0.147095657991,0.0770999053197,0.882031021841,0.725590487697
316,FABP3,4,-1.36613402898,-1.44666068877,-0.0727416572059,1.57601997829,0.49245861777,0.843232900319,-0.172938761297,-0.454579131841,0.601342771718
317,FBXO11,4,-2.46646964934,0.0975844474272,0.319411419466,-0.365593400619,0.490792720609,0.448839744764,1.06651815578,0.14152740591,0.267389156005
318,FUT3,4,-0.979890421561,-0.800985516129,-0.795814250517,0.302477965859,-0.537883830654,2.0926514204,0.983853444215,-0.163756992195,-0.100651819419
319,GABRA4,4,-1.08965927796,-1.10556200299,0.245199116673,1.3063006412,-0.267685344527,1.80870812535,0.0672695955907,-0.408031965163,-0.556538888171
320,GABRB1,4,-1.20489013743,-1.2528458236,0.589446189736,1.48252988652,-0.175842077794,1.44207900856,-0.101343906895,-0.32260273962,-0.456530399468
321,GAP43,4,-1.56906714888,-0.556512740211,0.651792586742,-0.39137901031,1.63532691967,-1.05857592746,0.0539696017511,0.404393368982,0.830052349713
322,GPC6,4,-1.26123971591,-1.44889895076,-0.321046391951,0.122570628588,1.7153911582,1.03405383432,0.374737839206,-0.0173010787556,-0.198267322934
323,GPHN,4,-2.28550138339,-0.0962427314861,0.174760234443,-0.478324422686,0.893668887041,-0.13916126467,0.172910988714,0.639268879026,1.11862081301
324,GRIK1,4,-1.27174325896,-1.22504895707,0.0469710458321,0.570662610152,1.65398606867,-0.7217469102,-0.40592475132,0.346569859677,1.00627429322
325,GRIK2,4,-1.65054218705,-1.76062154909,0.151620532964,0.847768518575,0.0611328576478,0.404106101446,0.602151654888,0.650836065862,0.693548004761
326,GRIN2A,4,-1.30152906269,-0.869520781257,-0.844411973988,0.309503059096,1.56444912906,0.808318889455,1.05827907344,-0.00378217208195,-0.721306161038
327,HABP2,4,-1.16619034236,-1.32707124956,-1.068045106,1.41306637394,0.880304249397,0.3035256118,0.842757050816,0.340739609252,-0.219086197285
328,HBEGF,4,-1.16592390147,-1.62497823392,1.23902070475,-0.302923537646,-0.314887154985,1.41858163755,0.121677897996,0.470771146283,0.158661441449
329,HSPA1B,4,-1.9768902703,-0.75557413074,-0.177184330461,-0.314625610325,0.622332650876,0.933151998382,1.44961258461,0.169432109625,0.0497449983314
330,ICAM1,4,-0.957978667108,-0.894771939239,-0.687986286633,0.350373266577,-0.477313974913,2.19239429504,0.771368481133,-0.0695901529387,-0.226495021917
331,IL1A,4,0.601644040525,-1.49923898496,-1.29121594733,-0.788894500912,0.785309374365,1.38598997049,0.574615156591,0.436822742437,-0.205031851199
332,IL1B,4,-0.669140188647,-0.793511248372,-0.793511248372,-0.450996440461,-0.588159902457,2.01790473178,-0.0284990136198,1.29254435744,0.013368952703
333,IL8,4,-0.7301349963,-0.760059506592,-0.761164518237,-0.585924739116,-0.739778217462,2.17709176499,0.562860872282,0.497118211994,0.339991128438
334,KCTD13,4,-2.14383736967,-1.03563790475,-0.272162954678,0.585516898828,0.308009717699,0.675594374085,0.926084987581,0.6334583168,0.322973934106
335,LGALS2,4,-0.657554142327,-0.705703811391,0.302856163742,0.783575373432,-0.831572638477,0.825122175746,0.063979268643,-1.46569460692,1.68499221755
336,LRRIQ3,4,-1.74098558175,-0.749781562046,-0.864419552522,1.04240768041,1.09410498477,0.367957403762,-0.205727672288,1.09397048409,-0.0375261844271
337,LRRTM1,4,-1.3703612862,0.0841963475406,-1.32943971915,-0.611240100798,-0.299244913403,1.30355625693,1.3204183699,0.319187111701,0.582927933482
338,LSAMP,4,-2.07959718176,-0.839198829439,-0.265532768926,-0.294587287581,0.894808271822,0.14115438056,0.764578481459,0.845257837495,0.833117096373
339,MAP6,4,-1.99939461925,-1.30782406465,0.216983753387,0.777305592608,0.906019692704,0.631202975645,0.535744329076,0.349795889442,-0.109833548966
340,MAPK3,4,-2.18329932311,-0.0774809309874,-0.693418673924,0.852618790775,0.138331453105,1.12424466292,0.528148728289,-0.296841229606,0.607696522535
341,MIXL1,4,-0.246046275615,-1.02763300885,-0.896652347847,2.01212794782,0.505600132948,0.948212549369,-0.0066992038905,-0.493856628226,-0.7950531657
342,MTHFR,4,-1.36155411946,-0.925610623685,-1.10982678487,-0.231439301529,-0.208077192997,1.40471324664,0.883386463146,0.709148441407,0.839259871347
343,NLGN1,4,-2.30469150868,-0.784699188586,1.03300598969,0.423072117321,0.536070914665,0.476965938162,0.349334465018,-0.141066120264,0.412007392667
344,NLGN2,4,-2.10864000915,0.30930148001,-0.15289381409,-0.552400969122,0.288033742078,0.638301911759,1.62397772773,-0.00404115743177,-0.0416389117798
345,NOTCH3,4,-1.57084884239,0.564327399872,-0.596658686528,-0.259651889598,-0.0957193989952,0.877087021035,1.91424363598,-0.393865924679,-0.43891331469
346,NPC2,4,-1.88214426534,-0.378592737888,0.223360920998,0.424483225942,-0.817977733065,1.722639781,-0.175193932314,0.557116997868,0.326307742797
347,NRXN2,4,-1.32685891692,-0.843852657722,-0.972699786128,-0.50821504181,0.147445883883,0.520871467721,1.83525924969,0.537298597155,0.610751204134
348,NRXN3,4,-1.38235092931,0.524649168432,-0.674654433676,-0.96409292302,-0.479599337477,0.136061653212,1.91879325762,0.653755712862,0.267437831357
349,NTRK3,4,-2.09466838958,-0.0157481865912,0.0147270866577,0.604986387247,0.162942045691,0.390461191913,1.66740166352,-0.46537098211,-0.264730816744
350,NXPH1,4,-1.12807145638,-1.6989817408,-0.34881244902,1.44692328195,-0.0884673182188,-0.230482219938,0.907183860437,0.783802176343,0.356905865626
351,OLFM3,4,-1.99901513396,-0.157109423897,1.2161163705,-0.983131456456,0.0775683256355,-0.2423692059,0.70766490563,0.601710017624,0.778565600821
352,OLIG1,4,-0.868322532193,-1.07454722398,-0.787547479428,-0.325740850093,1.94799442585,0.802742024556,0.867277128603,-0.191656661948,-0.370198831364
353,PARK2,4,-1.58278376593,-1.18332307236,-0.450526695365,1.28350803659,0.996333629809,1.0743429699,0.138262475575,0.00374115038772,-0.279554728609
354,PDE4B,4,-0.860735489045,-1.6222735905,-0.366094809762,0.484004018552,1.81974716636,-0.0911666638645,-0.144856875327,-0.162949157622,0.94432540121
355,PER2,4,-1.67635505058,-1.61553125292,0.339690201444,0.113189471453,0.468205742645,0.731902843024,0.60048458559,-0.11208553345,1.15049899279
356,PHF1,4,-2.00872157096,-0.565574360629,0.512451763439,0.550248166951,-0.493912623579,1.44743983776,0.827928467418,-0.0377856085447,-0.232074071855
357,PLA2G6,4,-2.18481362184,0.0631298643312,-0.865753933076,0.442024682764,0.414284513816,0.998206830897,1.03413227956,0.182305539366,-0.0835161558096
358,PLEKHG1,4,-1.70570309616,-1.30448163383,-0.381318402653,0.233307033769,1.00662014092,0.746030634526,1.24890560219,0.231926010323,-0.0752862890853
359,PPARG,4,-1.37848951804,0.175126300861,-0.617609069499,0.993826860499,-0.838827825763,0.583622915131,-0.522449624872,-0.22109201684,1.82589197852
360,RAB3A,4,-0.897962914342,-0.994064598256,-0.614779599596,-0.173281156827,-0.184320782568,2.32848105949,0.53240657498,-0.168909597875,0.172431014991
361,RARB,4,-1.52087415646,-1.45069960741,0.204318405461,-0.256907811582,0.0350940717783,1.46777929578,1.10212763913,0.300474885966,0.118687277335
362,RERE,4,-1.70830530645,-1.15334383066,-0.364799521038,-0.122931726051,-0.275545804935,0.716621426887,1.20560949267,0.616030307559,1.08666496202
363,SHC4,4,-1.26428592448,-1.17450990654,-0.966561084107,1.71387522769,0.686471234834,0.783148361771,0.215720557113,-0.0953686165394,0.101510150257
364,SLC17A6,4,-1.12712697534,-1.19324779536,1.09921629393,1.6114911668,-0.907185470506,-0.17512873048,-0.336233434591,0.462907965956,0.565306979598
365,SLC32A1,4,-0.990375351599,-1.00941398458,-1.27356140348,0.958865387829,-0.23857316214,0.593163180979,1.34231155127,1.03597608792,-0.418392306199
366,SLITRK1,4,-1.03692349265,-0.773685149675,-0.360436645487,-0.465352925719,1.55468658968,1.4402913446,0.857955861349,-0.530242737654,-0.686292844455
367,SLITRK5,4,-2.02632149635,0.867530308883,-0.819583938659,-0.409648570807,-0.0980627674194,0.0804532887297,1.18710773114,0.868267200731,0.350258243755
368,SNCA,4,-1.65815888911,-1.44083608327,1.20316781414,1.26340492411,0.283645542446,0.0424950779132,0.111401953909,0.189731830383,0.00514782947734
369,SRPX2,4,-1.07615859392,-1.279906109,-1.21119144142,-0.379687227634,1.37744467179,0.63054937468,0.780830343256,0.67210190903,0.486017073217
370,SYNGR1,4,-2.348482504,-0.185942920629,-0.0781948447018,1.16146762324,0.14699010109,0.0764799757466,0.284509801594,-0.0488678152033,0.992040582856
371,SYT1,4,-1.51881027353,-0.551973885174,0.619335943452,-0.57625370428,0.0808471562217,0.760606333673,0.441431232334,-0.972135696168,1.71695289347
372,SYT11,4,-1.25708008853,-1.09205294125,-0.745601561825,-0.42058302928,-0.0925910427738,0.651202494891,1.85800659781,0.60394634828,0.494753222683
373,TCAP,4,-1.02729204734,-1.06753363124,-0.56455734003,1.0273818864,-1.15177524333,1.58161599962,0.118910681828,0.51117502402,0.572074670079
374,TDO2,4,-1.5231418938,-1.29775494197,-0.963685957956,0.306736664101,0.445190580135,0.967490008418,0.345311178236,1.206821965,0.513032397835
375,TF,4,-1.64134624531,-1.13499110626,-0.831523324623,0.627335807862,-0.0757493336404,1.08567811574,0.461599839327,0.30910377249,1.19989247441
376,TMEM106B,4,-2.19934658059,-0.636148273862,0.213933689166,0.233181037449,0.437733371585,1.27824389826,0.782849222617,0.271563368376,-0.382009732997
377,TRH,4,-0.947136105387,-0.932004724101,-0.496097165343,0.0565793803148,1.21639236148,1.41738240302,1.17425682466,-0.679846315145,-0.809526659502
378,VAMP2,4,-1.8810859315,-0.815369008878,-0.945468854026,0.73301747098,0.622065602768,0.857351722837,0.987350695619,-0.0711987097038,0.513337011901
379,VCAM1,4,-1.85858422009,-1.50359685722,0.413771187612,0.37642203026,0.748022807447,-0.0018253009943,0.237613477457,0.57636552162,1.0118113539
380,AMPD3,5,-0.670294772488,-1.39692567475,-1.15715893408,-0.364489313628,0.419333353486,-0.0408678706289,0.603240600091,1.60966626991,0.997496342083
381,ANKS1B,5,-1.54204169634,-1.39167128383,0.502244615768,0.646960873924,-0.404498298856,-0.278809233571,0.188285958131,0.87554968143,1.40397938335
382,APH1B,5,-1.24835848761,-1.78189878318,-0.594853939076,0.457073043366,0.0965562398697,0.49158578182,0.653828667163,1.25486524716,0.671202230489
383,ATXN1,5,-1.21559558,-1.43591844026,-1.05836314721,-0.0660061166284,0.328744810162,0.494266073623,0.833510380965,0.913023383619,1.20633863573
384,B2M,5,-1.37400135031,-1.47321155234,-0.757215722751,0.511061597491,0.542111924487,0.278031289367,-0.0642199257882,1.16256353093,1.17488020892
385,BIN1,5,-1.44487098972,-1.02607882622,-1.00241106489,0.744417218468,-0.438400853978,0.815121539471,0.417301131195,0.521475953432,1.41344589224
386,CA2,5,-1.36878462024,-1.26934076794,-0.505258386416,-0.314165131813,-0.0108151656339,0.134034424483,0.590878479096,1.24775949521,1.49569167325
387,CALB1,5,-0.593468556327,-0.975818625354,-0.95588224351,-0.874862171252,-0.208698850991,0.0132829613292,1.69531665677,1.33307951522,0.567051314116
388,CALCOCO1,5,-1.83673932468,-0.592518756817,-0.786650947392,0.665341242191,-0.25480218805,0.0334008579921,0.300261356002,1.19747932594,1.27422843482
389,CCND2,5,-0.560919055672,-1.00184661043,-1.07764854541,-0.893892875019,-0.345873607904,0.729484886825,1.42069885575,0.338360267796,1.39163668406
390,CD8A,5,-1.27240544223,-1.4161822948,-1.14905469955,0.407430309951,0.898039127102,0.110274468193,0.630646954483,1.08061838195,0.710633194909
391,CLU,5,-1.42811874531,-0.941233665981,-0.496203174835,-0.51335890827,-0.263127775645,-0.0174307556475,1.21307778183,1.0981406969,1.34825454696
392,COL4A2,5,-0.873290331487,-1.57756056356,-1.30897455091,0.335471722165,0.487220097174,0.952883154896,0.226763230231,0.57746383434,1.18002340715
393,CSMD1,5,-1.04447304417,-1.09479298599,-0.536658824512,-0.0979699695835,-0.547952882851,1.36196464795,0.191154327949,-0.0258451887021,1.79457391991
394,CST3,5,-1.40978090865,-1.00683028325,-0.716635103019,-0.240622911536,-0.0127477622925,0.21119086432,0.454514771225,1.8474455579,0.873465775309
395,CTSB,5,-1.65412846901,-1.08530533925,-0.809253382697,0.0200822422155,-0.0121718296391,0.419183022493,1.10077172793,0.985359031472,1.03546299648
396,DDX60L,5,-0.961108591669,-0.614611971825,-1.05596185046,-0.847096782136,-0.179159740777,-0.0809259335575,1.4577673991,1.36466719211,0.916430279212
397,DFNB31,5,-1.60316932804,-0.895843162627,-1.19860868881,0.2768452886,0.0396746994542,0.483995343277,0.859260193962,1.19703223273,0.840813421445
398,DLG2,5,-0.987851224604,-1.36274221522,-1.03283019328,-0.187355696446,0.753368906836,0.416630498331,0.0435205465686,0.657156947179,1.70010243063
399,DMD,5,-1.98193207295,-0.387730574747,0.0805753815533,-0.359289596437,-0.309931838904,-0.290902121073,1.30107068569,1.06049095415,0.887649182723
400,DOK5,5,-1.87570054197,-0.180562851784,-0.50389098831,-0.237121200739,-0.153188963777,-0.389544502685,1.24234501562,1.38070686252,0.716957171131
401,EGFR,5,-1.02825035491,-1.49647277455,-0.931857782979,0.278342633638,0.0451237682431,0.588853927606,0.244793932212,0.556035471853,1.74343117889
402,ERC2,5,-1.23381314536,-1.00538671812,-0.374027327475,-0.950621378623,-0.193884039873,0.245118866924,1.53437506762,1.07464701358,0.903591661329
403,FAT4,5,-1.22611874792,-0.94901555664,-1.09330364119,-0.598310005885,0.0418863657044,0.511588996045,1.26148070928,1.22958475349,0.822207127121
404,FOXP2,5,-1.53837104067,-1.40117521711,0.0293224202971,0.419578162955,-0.0365918185682,0.300763863222,-0.329970567963,1.16678824782,1.38965595002
405,GABRA2,5,-1.39218428287,-1.31586879641,-0.390792638994,-0.457622798021,0.192879094482,0.473576790565,0.246791561291,1.04549234246,1.5977287275
406,GAD1,5,-1.07294333945,-0.673268600217,-0.661974806909,-0.865067441926,-0.348191361054,-0.100251923434,1.22631251304,1.72745625379,0.767928706156
407,GRIK5,5,-0.962428611847,-0.259583292229,-1.26608092764,-0.839250496785,-0.304846272702,0.0118913079581,1.58558286873,0.912796118846,1.12191930566
408,GRIN1,5,-0.752313955496,-1.3416334651,-1.33420819574,0.0506847986743,-0.20579752055,0.782480956566,0.7174416786,0.535784221947,1.54756148109
409,GRIN2C,5,-0.508819432807,-1.05594914741,-1.16076627534,-0.0335687845028,-0.31916043976,1.54985639088,0.0646285010714,-0.189562834676,1.65334202254
410,GRIN2D,5,-0.582145396322,-1.21725735112,-1.14892325631,-0.605592418946,-0.3733700082,0.761996554795,1.59196441387,0.803249758955,0.770077703282
411,HEXA,5,-1.22755250703,-0.67907950006,-1.03913903693,-0.310228811961,-0.529761539372,0.146996254867,0.928486455853,1.45200641826,1.25827226637
412,HIVEP2,5,-0.967495413984,-1.50276728152,-1.12616293773,-0.118915717711,0.147192772142,1.13779704619,0.967857185226,0.414372599375,1.04812174802
413,HTRA1,5,-1.11311308343,-1.09739619877,-1.03855934268,-0.448215382142,-0.224766648098,0.453153261889,1.08776665423,1.23057969415,1.15055104485
414,KCNN3,5,-1.6027130158,-0.894914627192,-0.268833802338,-0.597177008168,0.128481416133,-0.236565669056,0.944336161618,1.11627574119,1.41111080361
415,KIAA0513,5,-1.79857705172,-0.331342643511,-0.455005826772,-0.811411411286,-0.213544503166,0.674110773749,1.15856820409,0.459426033288,1.31777642532
416,KMO,5,-1.46655153485,-1.25327158725,-0.643354790777,-0.487746808182,0.186104979025,0.661088621655,0.721522134917,1.26404399358,1.01816499189
417,LAMP3,5,-1.00455926507,-1.18824162531,-1.02870195206,-0.554480048601,0.235206877721,0.0737675311741,0.85570433297,1.37919860135,1.23210554783
418,LHPP,5,-1.42102569896,0.158000572886,-1.21446317369,-0.379757521474,0.684320165053,-0.589273033202,0.303277713654,1.67997400405,0.778946971677
419,LPHN3,5,-1.89202999356,-0.551122453554,-0.486270893011,-0.574184244824,0.335414317486,0.0430695492136,1.38218594914,0.929035517039,0.81390225207
420,MAOA,5,-1.25400662823,-0.75655022547,-0.920960137398,-0.50654295708,-0.524434301648,0.380913850532,1.06435664491,1.37935190781,1.13787184658
421,MAPT,5,-1.49404925357,-1.18780327206,-0.894024505865,0.216434390497,-0.0612602041104,0.695949852633,0.694452518059,0.52556202541,1.50473844901
422,MECP2,5,-1.9708548143,-0.639216277383,-0.326161972564,-0.31272147516,-0.129708200423,0.408369314803,1.02422275614,0.539019202576,1.40705146631
423,MGAT4A,5,-1.58454998158,-0.882454248574,-0.62507908668,-0.39144505998,-0.39899925312,0.807007995438,1.37978742225,0.932993212076,0.762739000176
424,NCAM1,5,-1.75957389225,-0.84080762472,-0.156315779328,-0.184718169429,0.276731379701,-0.178770606044,0.527701137513,0.426432353019,1.88932120154
425,NR1D1,5,-1.33554042067,-0.916426262065,-0.972220316164,-0.359086712594,-0.298489734533,0.667058664119,1.376283451,0.615711847341,1.22270948357
426,NRN1,5,-1.1734562592,-1.09004645133,-0.783752480358,-0.626512459962,-0.32781250313,0.934846074791,0.735675468422,0.858544297854,1.47251431292
427,OXTR,5,-1.01109669919,-1.06242596675,-0.772958352269,-0.667641420913,-0.655830422939,0.916202513314,1.07977287691,1.14692941488,1.02704805697
428,PCSK5,5,-1.6342752749,-0.472132595974,-0.838169459651,-0.000502765997319,-0.449741193436,0.0371159325777,1.63300949015,1.01409475591,0.710601111328
429,PINK1,5,-1.38504923954,-0.97139948029,-0.928642391039,-0.145365933542,-0.414370694442,0.517369162393,0.825390987069,1.20803150629,1.29403608309
430,PNMA2,5,-0.913269028307,-1.31524884575,-0.877575569856,-0.484820901673,-0.0472794801642,0.0141523958727,1.15192383018,1.38742442465,1.08469317505
431,PTPRO,5,-1.02473370731,-0.77310013838,-0.756010839986,-0.758276071914,-0.431897132021,0.211813634826,1.90723656941,0.903287323428,0.721680361942
432,RFX2,5,-1.66401985074,-1.28519481461,-0.703423260699,0.339475169474,0.160650340957,0.251432999882,0.888647276672,1.18732643023,0.825105708825
433,RGS9,5,-0.58190441423,-1.28450065508,-1.27634946845,0.431078311356,-0.825103412785,0.4259838263,1.27157845303,0.805549548409,1.03366781146
434,RORA,5,-1.65721028886,-0.609460334579,-0.43029192769,-0.727447720107,0.829709632282,-0.137183817212,0.151942720738,1.05597611622,1.52396561921
435,SDCCAG8,5,-1.37707983098,-1.11344100086,-1.07374378671,0.308273288274,0.38496170204,-0.127286399911,0.461637196424,1.37097018265,1.16570864906
436,SHANK1,5,-1.44993275607,0.844562362881,-1.07403783401,-0.868188454714,-0.11453543004,-0.339095571114,1.20700034162,0.693986759501,1.10024058195
437,SIAE,5,-1.14817044756,-1.01440949258,-1.01021028501,-0.38332676589,-0.278373254296,0.244801196719,1.02751461966,1.35051085906,1.21166356991
438,SIL1,5,-1.50387280142,-1.18575126517,-0.960446550098,-0.3206136343,0.57181782366,0.702096989929,0.694145643823,1.00855224737,0.994071546204
439,SLC12A5,5,-0.989585649146,-1.1466986982,-1.38482855642,-0.0585019892909,0.58288370358,0.252934927579,0.738329263208,0.360541474603,1.64492552409
440,SLC27A1,5,-1.86345428915,-0.583384225034,-0.941716952194,-0.0670345573381,0.173707768589,0.330149293617,0.638620235201,0.964693760928,1.34841896538
441,SLC27A5,5,-1.35622431337,-0.632173421423,-1.4024065855,0.173080639065,0.73168853176,-0.24308474823,0.380305458669,1.53961678929,0.809197649733
442,SLC6A1,5,-1.11970129622,-0.982661864248,-0.981516678553,-0.70110204101,-0.0701414283264,0.353592759703,1.41487914674,0.951570838747,1.13508056317
443,SLC8A1,5,-1.1357209623,-1.24956882994,-0.926148923756,-0.399079150409,0.561562652338,0.171979426593,0.260210254828,1.23868889493,1.47807663772
444,SOD3,5,-1.08780829423,-1.11539373634,-0.775588401861,0.54991070995,0.152596880267,0.0208718738568,-0.466267889451,1.96239394833,0.75928490947
445,ST8SIA4,5,-1.50595725346,-1.35223766562,-0.735499789024,-0.0138559061986,0.242446110726,0.375168140175,0.659754076778,1.0853644715,1.24481781512
446,STXBP1,5,-0.929121636529,-1.31056006781,-0.727978824914,-0.377452194053,-0.613755818975,0.781141513262,0.890890726896,0.724271832812,1.56256446931
447,SYNGAP1,5,-1.6672217892,-0.342869744422,-0.455758808288,-0.176573958561,-0.0054574151462,-0.788784671033,1.37325919663,0.694775626367,1.36863156366
448,TMEM132D,5,-0.155781893565,-1.35245808841,-1.45672765072,-0.489919852263,0.0651783704695,1.05240828146,1.53211557714,0.426686299091,0.378498956807
449,TPP1,5,-1.81067591799,-0.0824663586423,-0.551478400252,-0.385135604578,-0.560273748687,-0.0217384058347,0.933097078529,1.18815501334,1.29051634411
450,TPPP,5,-1.35358276102,-1.12695119362,-1.0555729403,0.249425491867,-0.00730659820996,0.110781398913,0.629124600762,1.11648524019,1.43759676141
451,TRAF3,5,-1.41497244443,-1.2082909285,-0.684347201231,0.382767900932,-0.345752924313,0.0240103273626,0.682772760458,1.12351411434,1.44029839538
452,TRAF3IP1,5,-1.01940046684,-1.03422418668,-0.912115848152,0.800528061787,-0.263250007463,-0.537221088636,0.419007053661,1.83997215888,0.706704323431
453,UHMK1,5,-1.79216777911,-0.785397239748,-0.218682158089,-0.627018176015,-0.225640532953,0.597932586035,0.758301590537,0.902735736807,1.38993597253
454,WWOX,5,-1.70319571217,-0.904799584041,-0.377281621747,-0.194143093698,0.569515406426,-0.541449574542,0.942906052232,1.38281003485,0.825638092686
455,XK,5,-1.32741817174,-1.0211289552,-0.864683884617,-0.368199403063,0.0915116618756,0.150501186816,0.542829181342,1.59305792793,1.20353045666
456,AANAT,6,-0.549154902131,-0.589164068641,-0.536422962887,-0.545837679362,-0.246882480058,-0.402593352469,-0.286426910586,0.718339133485,2.43814322265
457,ACE,6,-0.531470130631,-0.781247732951,-0.669592798389,-0.539922323811,-0.569556332257,-0.356483019088,0.229122041825,1.02567230121,2.19347799409
458,ADCYAP1,6,-0.998796736827,-0.494236102011,0.255701503822,-0.439157329469,-0.837903621641,-0.471571416437,-0.127427775511,0.959791153243,2.15360032483
459,ADRA1A,6,-0.589552193032,-0.699130763878,0.033013836882,-0.627316196647,-0.624147638716,-0.333117521866,-0.175414359264,0.58842665804,2.42723817848
460,ADRA2A,6,-0.864776985722,-0.58768430444,-0.766124696936,-0.575910660065,-0.443799140708,-0.475344877815,0.462189207709,1.44452115126,1.80693030672
461,ALDH1L1,6,-0.827387415911,-1.00034374667,-0.795976404471,-0.166927837896,-0.345082662032,-0.232327677841,0.311852650113,2.12510187729,0.931091217417
462,ANK3,6,-0.528175204677,-0.708698479935,-0.565379417362,-0.779034189305,-0.603132464137,-0.423175917655,0.355780374145,1.21624218006,2.03557311887
463,ANKK1,6,-1.1302561767,-1.02841292974,-0.938094057426,0.340475954137,0.191158982465,-0.149650914936,-0.120969764572,0.881853596956,1.95389530982
464,APOD,6,-1.13130078578,-1.13681852427,1.51560647433,-0.394681021389,-0.47943180809,-0.410821275334,0.115217523159,0.3629596041,1.55926981327
465,APP,6,-0.763388076151,-1.21353964422,-1.01196040587,-0.731941816358,-0.105590778059,0.359327565867,0.930074174769,0.98458946918,1.55242951084
466,ARAP1,6,0.215272942338,-1.14886354791,-1.19725790912,-0.523111582419,-0.386236679392,-0.0794338533272,0.141570203874,1.09106960092,1.88699082503
467,ARHGAP31,6,-0.718548263457,-1.39440146825,-0.303866389678,-0.338006123327,-0.0929376665544,-0.15858451619,0.0951372958178,0.730224709327,2.18098242231
468,ARVCF,6,-0.292293000419,-0.677271460075,-1.02285601514,-0.664407733643,-0.300307481322,-0.683858782091,0.411129036572,1.50244663579,1.72741880033
469,ATP2B3,6,-0.512689381485,-0.513110425036,-0.498273366447,-0.387953639486,-0.48164218815,-0.429941224501,-0.37825473598,0.767503418775,2.43436154231
470,ATP6V1B2,6,-0.760704158503,-1.4915650221,-0.761689340832,-0.284586320647,-0.391475009865,0.258899104227,0.637109000044,1.45160812534,1.34240362233
471,BCHE,6,-1.15496391657,-0.6385177509,-0.311691931113,-0.26506846916,0.195480547498,-0.619961079182,-0.365097432109,1.05892611727,2.10089391427
472,BDNF,6,0.0603712406956,-1.34677806553,-1.22972048409,-0.816161218581,-0.479175019521,0.882918637165,0.987409120355,0.709725332115,1.2314104574
473,BHLHE22,6,-0.771169959758,-0.633061551985,-0.394440747101,-0.445372340231,-0.651032150196,-0.253678787829,-0.148000803462,1.0541607312,2.24259560936
474,CACNA1C,6,-0.953272174477,-0.884140071234,-0.749983933166,-0.309451155532,-0.0922474206975,0.00458503615784,-0.0807951291338,0.847733739004,2.21757110908
475,CACNG5,6,0.102554999461,-0.822512738209,-0.241369234861,0.283068304431,-0.0860839880841,-0.596308532186,-0.775207130708,-0.333798826926,2.46965714708
476,CALB2,6,0.739393464536,0.0852512822796,-0.872815992908,-0.913714612043,-0.922259276775,-0.811492690412,-0.0628951850383,0.863729491662,1.8948035187
477,CAMK2B,6,-0.72722648643,-0.66322648962,-0.602922383015,-0.447013242643,-0.444374548429,-0.420823291335,-0.0155552156958,1.12291753797,2.1982241192
478,CARTPT,6,-0.385584714685,-0.55776243984,-0.55776243984,-0.307701965161,-0.55776243984,-0.55776243984,-0.55776243984,1.47775974143,2.00433913761
479,CAT,6,-0.819876685501,-0.865710795796,-0.728009220035,-0.626838771727,-0.319268524274,-0.305314610719,0.433404696682,1.77513287813,1.45648103324
480,CCKAR,6,-0.645353267418,-0.682858601669,-0.623394072935,-0.515006776429,-0.385008191678,-0.459883244118,-0.0694524876337,1.25264862839,2.1283080135
481,CCL2,6,-1.13906629471,-0.932238173574,-0.710446950374,-0.0721884372918,-0.645528884376,-0.148674293983,0.738259548494,1.68512018077,1.22476330504
482,CHAT,6,-1.09888005507,-0.472946193198,-0.170883831193,0.145542387188,-0.572781968757,-0.108405350722,-0.224057197981,0.0270054090645,2.47540680067
483,CHGB,6,-0.519006871011,-0.779797329782,-0.563822359252,-0.0268248134375,-0.562458475322,-0.464429856073,-0.0876591359001,0.566000088277,2.4379987525
484,CHL1,6,-1.02605859766,-0.985911428042,-0.739050755114,-0.59920334799,-0.0330875340935,-0.284772224134,0.643777172362,1.50555279165,1.51875392302
485,CHRM2,6,-0.770058037391,-0.688492188743,-0.845957115579,-0.65836460933,-0.580209130166,-0.232299852831,1.43639953477,0.624222301519,1.71475909775
486,CHRM4,6,-0.943214407183,-0.184438694672,-0.776891802827,0.629334473052,-0.699203436185,-0.547827711093,-0.293973248479,0.622056428171,2.19415839922
487,CHRNA2,6,-0.600497719935,-0.851482317202,-0.40070230764,-0.72714369605,-0.261273879432,-0.722325463525,0.664605346089,2.15360561346,0.745214424237
488,CLDN1,6,-1.23857710148,-1.07156083006,-0.732449785605,0.266141671092,-0.201726337006,-0.102117586679,0.0598189538823,1.29338570847,1.72708530738
489,CLDN5,6,-0.52800267291,-0.519201018925,-0.541966594208,-0.506120695599,-0.528937269673,-0.506895891557,-0.170589603873,2.31616950883,0.985544237914
490,CLN5,6,-1.19933507892,-0.940450210443,-0.917476229766,-0.42292484437,0.0731605668416,0.0524144624965,0.360636795522,1.6319322623,1.36204227634
491,CLOCK,6,-1.52284233238,-0.2547165498,0.626220350158,-1.2213599984,-0.639341878243,0.172720405607,0.920118623994,0.409453930635,1.50974744842
492,CNR1,6,-0.721554132914,-0.721416289663,-0.642554979145,-0.551746413672,-0.472079877548,-0.189836217668,0.133254636245,0.892533288919,2.27339998545
493,CNTF,6,-1.0840252179,-1.0840252179,-0.735806345553,-0.197543429299,0.390255577448,-0.269695566086,0.336635260257,0.536266616106,2.10793832292
494,COLQ,6,-0.962065422254,-0.573566037198,-0.71812686157,-0.441620705491,-0.108319780269,-0.522484770183,-0.00408218357807,1.34525642331,1.98500933723
495,COMT,6,-0.745882998225,-1.36884347262,-1.21223006902,0.0397569253622,-0.114913939543,0.132811829991,0.531978000485,1.22986637447,1.50745734909
496,CP,6,-0.554635427153,-0.568861440787,-0.558385440147,-0.512277372718,-0.478324607618,-0.469583184924,-0.267691156413,1.22510567653,2.18465295323
497,CPLX2,6,-1.14197657721,-0.773844809354,0.455459259578,1.34555808765,-1.0564346774,-0.416701028735,-0.364924045185,0.364311818198,1.58855197245
498,CRH,6,-0.801901878271,-0.813134478051,-0.818197493192,-0.666741032327,1.48090090903,-0.716504890536,0.285806136663,0.436303772554,1.61346895413
499,CRHR2,6,-0.747036847279,-0.325332046644,-1.09503388224,0.115281410018,-0.5483394241,-0.0161225467971,-0.655516870756,1.49507548176,1.77702472604
500,CRLF1,6,0.160243152108,-1.2458901012,-1.22131822694,-0.257577990689,-0.383966223031,0.00687950721777,-0.122004380959,1.59824546889,1.46538879461
501,CTSD,6,-0.320519384731,-1.04644602532,-1.41210844016,-0.301938890431,-0.479174517496,0.169607123209,0.666496040315,0.972111376373,1.75197271825
502,CTSH,6,-0.713288017352,-0.972203896875,-0.874634977704,-0.425559289984,-0.411123253453,-0.0126306786691,0.13795807686,1.46190046038,1.8095815768
503,CYBB,6,-0.953871620012,-0.967722054847,-0.933806085983,-0.556655538736,0.370051450878,-0.483084559439,0.62902275815,1.52615849112,1.36990715887
504,DCX,6,-1.16083970143,-1.03961699711,-0.561423946125,-0.200512331485,-0.53406947465,-0.289959302829,1.05085571064,1.34564108017,1.38992496281
505,DDO,6,-0.638754198907,-0.593052733075,-0.638754198907,-0.367739716543,-0.519724605908,-0.38921076611,-0.282898036011,1.31978140008,2.11035285538
506,DGCR6,6,-1.07354534373,-1.01533440835,-0.972900190234,-0.0529374449239,-0.215356242657,0.194549694549,0.121647655545,1.8434705447,1.1704057351
507,DISC1,6,-0.696568202997,-1.14210725952,-0.518571773266,0.0845731417625,0.411473536297,-0.54435495514,-0.435352670958,2.20905096458,0.631857219242
508,DNM1,6,-0.944770652141,0.785224760012,-1.22326650023,1.13729813232,-0.967592580014,-0.282130294979,-0.164279725078,0.029388614929,1.63012824518
509,DPP6,6,-1.26692620263,-1.22100340178,-0.305425808948,-0.0532311788162,-0.369596865689,-0.13619132492,0.386789908235,1.25276305925,1.71282181529
510,DPYD,6,-0.868280460667,-0.794535040268,-0.193035682859,-0.559547615477,-0.322296810819,-0.453972045685,0.305546581571,0.522116779576,2.36400429463
511,DRD5,6,-0.791007824441,0.598114329926,-0.456602296499,0.332356715423,-0.499867941658,-0.71058788935,-0.726480050617,-0.0718403088774,2.32591526609
512,DUSP26,6,-1.16998447322,-1.1501392417,-0.847384077511,0.0719991237345,-0.3733665583,0.167806770648,0.472614412157,1.10272245814,1.72573158605
513,ESRRG,6,-0.892697799341,-0.255714973936,-0.733671398802,-0.567003106333,-0.502229031324,-0.426785129835,0.0627139051413,1.2431310973,2.07225643713
514,FAAH,6,-0.494401860448,-0.776345243409,-1.13613279295,-0.637134961787,-0.341544154487,-0.306691553416,0.641535093831,1.22502097696,1.82569449571
515,FBLN1,6,0.18286374206,-0.0451790513103,-0.873297494923,-0.811681934057,-0.867978752665,-0.374110619314,-0.251111784925,0.825865853473,2.21463004166
516,FGF12,6,-0.707280512838,-0.162178387615,-1.50322681194,-0.927343135991,0.272226984921,-0.441122862151,1.35363350427,0.969477429104,1.14581379224
517,GABRG2,6,-0.210211499065,-0.567191294281,-0.0698894450226,-0.791054205694,-0.782096968826,-0.815045189806,-0.0475218477826,1.23154034539,2.05147010509
518,GATA3,6,-0.80639590541,-1.07635825441,-0.926861069256,-0.264508134855,-0.451513807574,0.384979623054,0.443503241958,0.615074349564,2.08207995693
519,GBA,6,-0.714929494928,-0.863174007129,-1.2489594285,-0.414125298916,0.304874608759,-0.686876196621,1.09729709045,1.0993437071,1.42654901979
520,GDA,6,-0.945341430854,-0.991977235133,-0.964244998821,-0.862322706993,-0.265494279254,0.728764696079,0.766482571686,1.11062957021,1.42350381308
521,GFAP,6,-0.0263972418853,-0.508784939801,-0.427778178962,-0.409495176608,-0.327988554685,-0.45533412105,-0.397442903885,-0.0756884190653,2.62890953594
522,GMPR,6,-0.936090687622,-0.982023488093,-0.844598474477,-0.470685930119,-0.528062918961,0.0614024421209,0.731194993342,1.47641560431,1.4924484595
523,GNA11,6,0.243906352486,-1.18858398761,-0.95553957302,-0.731108174909,-0.787795251303,0.0753273781904,0.651342072811,0.896217813109,1.79623337024
524,GNB3,6,-0.584195450818,-0.56177103952,-0.508207482218,-0.49981027337,-0.466317426509,-0.312366668209,-0.15120590899,0.608659159341,2.47521509029
525,GPM6A,6,-1.29401019244,-1.21804046479,-0.279261407558,-0.464752633588,-0.221072935847,0.165079928067,0.366859721208,1.46463539166,1.48056259329
526,GPR50,6,-1.09583737165,-0.77698347289,1.89719881645,-0.748321990962,-0.735270534261,-0.25687606618,0.0477339888114,0.70095959057,0.967397040114
527,GRIA2,6,-0.773614631367,-0.694811408298,-0.143593173416,-0.369657323159,-0.546546463363,-0.520192931958,-0.31133919734,1.2048676219,2.15488750701
528,GRID1,6,-1.45721912452,-0.162733192583,-0.136716837929,0.0249492588042,-0.549868929818,-0.299089602652,-0.00578821882054,0.270011065734,2.31645558179
529,GRIK4,6,-0.31129633329,-1.10358870033,-1.1555191063,-0.498883810518,-0.499776800335,0.107667909657,0.519127577329,1.81879842865,1.12347083514
530,GRIN3A,6,-0.552004481596,-0.560053559599,0.160587563475,-0.623663358461,-0.378328369158,-0.623900029844,-0.461600922535,0.623998703078,2.41496445464
531,GRIN3B,6,-0.940060063297,-0.860383486977,-0.84450148213,-0.0647598490084,-0.301794644953,-0.239240109993,0.0292313641791,2.01101820949,1.21049006269
532,GRM1,6,-1.28474684898,-0.325548329254,0.0531753127851,-0.541405038426,-0.113676264553,-0.59389698559,-0.365864422681,1.1291822092,2.0427803675
533,GRM5,6,-0.457485370798,-0.876595105545,-0.614157446638,-0.614487831029,-0.302862720464,-0.716967369557,0.305373596144,1.32353503363,1.95364721426
534,GRM7,6,-1.07972366106,-0.00418568104444,0.198195447498,-0.68190349236,-0.811581751576,-0.714240702546,-0.115242017684,1.60388881627,1.6047930425
535,GRM8,6,-0.593879523693,-0.594704804305,-0.591922466524,-0.598336745997,-0.5836455419,-0.548197252533,0.078665691916,1.56025289052,1.87176775252
536,GRN,6,-0.472706176417,-0.93020515344,-1.52336167937,-0.191932171212,-0.443833501467,0.114133243668,1.10080229796,0.739056673897,1.60804646637
537,HRH1,6,-0.835839941317,-0.57887599987,-0.547828443592,-0.30218052695,-0.545161947404,0.0947954094703,-0.137439539934,0.381923303321,2.47060768628
538,HTR1E,6,-0.850102696622,-0.811021110538,-0.647444237442,-0.511611026851,-0.500739637211,-0.378696376783,0.455367674851,1.42904496472,1.81520244588
539,HTR2A,6,-0.753159588436,-0.739352392072,-0.725791090659,-0.391204388454,-0.246091828543,-0.213924933915,-0.255356644284,1.15878051573,2.16610035064
540,HTR2C,6,-0.616827778017,-0.622816017015,-0.595974288677,-0.567219058622,-0.572385751856,-0.447785435218,-0.0414260966478,1.62337196652,1.84106245953
541,HTR4,6,-0.927035879917,-0.667871574798,0.461517619825,-0.673644226435,-0.461356749007,-0.383888544344,-0.445053192843,0.968696569399,2.12863597812
542,HTR5A,6,-0.734184337652,-0.734184337652,-0.734184337652,0.370072797137,-0.417068315969,-0.429241296705,0.0396380062698,0.223300446877,2.41585137535
543,HTR6,6,-0.381325916629,-0.314129713088,-0.564160446117,-0.566515045386,-0.552153050157,-0.511953315749,-0.295778379262,0.760273229142,2.42574263725
544,IFI44,6,-0.688275343025,-0.681959381116,-0.703169652778,-0.696489631427,-0.663851717508,-0.245681436611,0.527809035107,1.16613002566,1.9854881017
545,IFT88,6,-1.21823493121,-0.716564047911,-0.700496411271,0.0903950557875,-0.0909311210969,-0.561457963921,-0.0176837363497,1.68407216381,1.53090099216
546,IGF1,6,-0.546465437429,-0.553500494178,-0.53761751893,-0.496172512888,-0.503255057777,-0.481701126211,-0.19844021805,1.0130675022,2.30408486326
547,ITIH3,6,-1.81377490145,0.521986275713,0.501641877544,-0.910372609773,-0.952882799448,0.215446367054,0.353019559254,0.813532586156,1.27140364495
548,ITM2B,6,-0.0826438971917,-1.58134627266,-0.985717416669,-0.33752611081,-0.230505668396,0.160839416069,0.482769342871,1.91228872004,0.661841886752
549,ITSN2,6,0.175270210134,-1.70884625109,-0.925632484037,-0.490802842579,-0.416050369239,0.212224068375,0.535033337033,1.40420780374,1.21459652767
550,KCNC2,6,-0.806485667359,-0.933939632664,1.04472899155,-0.356477514442,-0.884544869621,-0.629480768201,-0.246435749273,1.22750472505,1.58513048496
551,KCNIP4,6,-0.903253861873,-0.780533119135,-0.439485690754,-0.342706592405,0.205680894207,-0.147258404174,-0.552508712045,0.609959285233,2.35010620095
552,KCNMB2,6,-0.464821434575,-0.673268511435,-0.645135159354,-0.387543315994,-0.241995123051,-0.416098356187,-0.18022875115,0.511377114966,2.49771353678
553,KLHL1,6,-0.642943843376,-0.654057466055,-0.208782779286,-0.503857140349,-0.411031679147,-0.422730991186,-0.410313983823,0.901592215067,2.35212566816
554,KLK6,6,-1.06105700613,-1.00334813524,-0.520933064004,-0.317367313498,-0.349775158364,-0.140992976682,0.13423105309,1.5205652176,1.73867738323
555,LRP1,6,-0.692214647076,-0.453337223757,-0.954689327326,-0.961794798371,-0.510156199692,0.0600557046041,0.489127451019,1.06070535815,1.96230368245
556,LRRC7,6,-1.2805147884,-0.589751933333,-0.201536427128,-0.557922333883,-0.718766261007,0.128970964874,0.0357825688477,1.42165315871,1.76208505132
557,LRRTM2,6,-0.615122024888,-0.622307770032,-0.611269057948,-0.503552758274,-0.520932401281,-0.496143838619,0.172310263535,0.909501586737,2.28751600077
558,LTBP3,6,-0.750934681132,-0.768293385233,-0.759185827609,-0.64663727603,-0.572003466905,-0.178738572883,0.439606884646,1.44134635336,1.79483997179
559,LXN,6,0.345081656375,1.39300749639,-0.719936837864,0.105133108376,-0.493645946161,-1.42668575634,-0.883675723867,0.155279923799,1.52544207929
560,LY96,6,-0.415862809314,-1.14427244673,-1.39908460021,-0.261674371593,-0.215825961935,-0.0564607200878,0.726906859819,1.17398493367,1.59228911637
561,MAGI2,6,-0.421956163633,-1.34479728064,-1.06699348159,-0.602310516374,0.681759679346,-0.328512839774,0.386624868176,1.06942125974,1.62676447475
562,MAOB,6,-1.22576262192,-1.00240685552,-0.74353195402,-0.449783043622,0.0419721819175,0.23942175729,0.136683628955,1.77515231259,1.22825459432
563,MARK1,6,-0.0205143693207,-0.758289853307,-0.657020558761,-0.719509586516,-0.586924840466,-0.669905404504,0.0455930935961,1.76381821449,1.60275330479
564,MSRA,6,-0.93733070634,-1.70265651198,-0.254396571235,-0.291756986624,0.556624053621,-0.429998461699,0.596221262319,0.924714628216,1.53857929372
565,MYT1L,6,-0.63969854697,-0.621870148488,-0.337676569151,-0.495341184124,-0.516525627863,-0.515192810753,-0.108764288989,0.886854556117,2.34821462022
566,NCKAP5,6,-0.869815047796,-0.833202094444,-0.785881139462,-0.565003468471,-0.386795537159,0.011645134828,0.370935715641,0.959417895457,2.09869854141
567,NFIA,6,-0.691664450186,-0.718799884566,-0.723747701985,-0.683481760509,-0.621853246512,-0.429791873154,0.756616164159,1.44331943909,1.66940331366
568,NGF,6,-0.487843613917,-1.86864404282,0.771539039904,0.022067669411,-1.13121549253,0.435899870175,0.4963575316,0.430168926897,1.33167011128
569,NOS1,6,-0.478091620626,-0.406386349646,-0.786077552079,-0.518282227122,-0.738527382666,-0.591124038046,0.310452368366,1.06422070963,2.14381609219
570,NOTCH4,6,-1.38647353214,-1.31476603296,0.0886775723085,-0.17069689011,-0.0108936325507,-0.114289150178,0.0219463021574,1.70062893609,1.18586642738
571,NPAS2,6,-0.885373421017,-0.722725812308,-0.697837136692,-0.676255542027,-0.433493730256,-0.24140299138,0.531173821377,1.1534006187,1.9725141936
572,NPAS3,6,-0.841467695428,-0.895548328962,-0.870663722753,-0.641931128588,-0.548452086823,-0.0722183091242,1.1724685691,1.34885278887,1.34895991371
573,NPS,6,-0.367798266169,-0.367798266169,-0.367798266169,-0.0799697070643,-0.367798266169,-0.367798266169,-0.367798266169,-0.367798266169,2.65455757025
574,NRCAM,6,-0.861507382308,0.212927030509,-0.637381107154,-0.709241222182,-0.753890163106,-0.652374362127,0.150769886625,1.66406910351,1.58662821623
575,NRG3,6,-0.932087063562,-0.677138667143,-0.6144837213,-0.486088461588,-0.329757889935,-0.589716503987,0.350977420542,1.40944650594,1.86884838103
576,NTF3,6,-0.915182755375,0.731916657443,-0.551669824715,-0.676908467753,-0.732831665915,-0.438679738236,-0.140553999492,0.523768167086,2.20014162696
577,NTNG2,6,-0.713194073189,-0.663983792565,-0.803958592548,-0.585664203527,-0.495655524782,-0.402558955496,0.386444827354,1.3847774085,1.89379290626
578,NTRK2,6,-1.33783199028,-1.13192445145,-0.684744037967,-0.105601247262,0.0649031040076,0.660421608576,-0.129910320545,0.862555694443,1.80213164048
579,OPRM1,6,-0.163324117028,-0.171321052572,-0.101581806846,-0.428476017751,-0.204872838786,-0.395631511883,-0.418221483183,-0.732054583036,2.61548341109
580,PDE4D,6,-0.483664973555,-1.26398420395,-1.15920926187,-0.526134540267,-0.409518396917,0.569547504809,0.845850441433,0.769239255718,1.6578741746
581,PDLIM5,6,-0.485892159794,-1.26529342417,-0.522648810704,-0.771225633038,-0.61999070517,-0.084565563796,0.921195047229,1.57984138445,1.248579865
582,PENK,6,-0.518656777641,-0.529251192685,-0.530699437387,-0.521732137317,-0.519517508161,-0.3730501134,-0.161508102515,0.71502306454,2.43939220457
583,PER3,6,-1.07480356975,-0.233471776031,-0.759615259963,-0.638433615418,-0.545396616914,-0.198443769681,0.492422529616,0.826092767289,2.13164931086
584,PLA2G1B,6,-1.07416885918,-0.902424685199,-0.854091395451,-0.644709713434,0.767062678936,0.0677042280634,-0.22228094505,1.7017942255,1.16111446582
585,PLA2G4A,6,-0.0757415194657,-1.09464629673,-0.548221200205,-0.737837817958,-0.193730996558,0.310593697001,-0.742680042741,2.0487301382,1.03353403846
586,PLXNA2,6,-1.20229194095,-0.997064575153,-0.146080921349,0.378591217312,0.0941672610348,-0.553554184456,-0.219539605707,0.447631751899,2.19814099737
587,PPFIA2,6,-1.214982988,-1.08455265194,-0.229845328391,-0.539522361056,-0.00959428202607,-0.131846920955,0.234470088287,0.986298709567,1.98957573451
588,PPP1R1B,6,-0.4136767583,-0.608070437228,-0.616315805905,-0.535360801175,-0.433353316502,-0.384884701656,-0.268050564067,0.897728924907,2.36198345993
589,PPP3CC,6,-0.920316876569,-1.42084794944,-0.183712397193,-0.104069112314,-0.67771788268,0.28301992535,0.0361196897382,1.70145108381,1.28607351929
590,PRNP,6,-0.181192066296,-0.900619483221,-0.786198882014,-0.5805239492,-0.593114900039,-0.366414038715,0.0464636352143,1.50394167378,1.85765801049
591,PRODH2,6,-0.533882444157,-0.470728955962,-0.646866476976,-0.537170434158,-0.646866476976,-0.469272214356,0.169473989825,2.3435197495,0.791793263263
592,PTGDS,6,-0.61428406916,-0.596275076914,-0.546004283473,-0.381487852564,-0.482180638415,-0.383550754457,-0.119098007792,0.68011409884,2.44276658394
593,PTK7,6,-0.527713660577,1.56574872676,-1.6107652419,-0.382881396947,-0.445151036309,-0.422565196433,0.0219614639944,0.386327775967,1.41503856545
594,PTN,6,-1.45883893559,-0.271541731104,0.88755685885,-0.157939118286,-0.466040362321,-0.67606204578,-0.412398747764,0.615688461482,1.93957562051
595,PTPRN2,6,-1.36821574701,-0.908418172143,-0.498265504889,-0.0187576318738,-0.224022071534,-0.0534988686726,-0.0478056459911,1.29989708413,1.81908655798
596,RELN,6,-0.960391934052,-0.814468493082,-0.00903750517955,-0.390092179999,-0.416153431914,-0.0369106376164,-0.303557702896,0.543053683264,2.38755820148
597,RGL1,6,-2.0884772151,0.0638771106236,0.10414160922,-0.183023378362,0.0336125329727,-0.0831358702134,-0.137105975361,0.459236535857,1.83087465036
598,RGS4,6,-1.10091944803,-1.07862346683,-0.639491040527,-0.542040516333,-0.484087673596,0.494357449626,0.435795562455,1.41004925044,1.5049598828
599,RORB,6,-0.880725683386,-0.536482102685,-0.130486711852,-0.762730388003,-0.369927668308,0.0499329495619,-0.14584541614,0.310336054707,2.46592896611
600,SAG,6,-0.696701376443,-0.718250542566,-0.590137083755,-0.463118395083,0.00973392103468,-0.542819477382,-0.320185994033,1.14956195216,2.17191699607
601,SAMHD1,6,-0.403709553362,-0.555765760044,-0.822331664345,-0.276753330474,-0.699769963905,-0.450459778936,-0.258215397921,1.67877317957,1.78823226942
602,SDF4,6,-0.663338067453,-1.21332546217,-1.2244447465,-0.372463631002,-0.35130081646,0.438284873061,0.708359089851,1.49093120496,1.18729755571
603,SLC12A2,6,-0.835588625329,-0.59712718833,-0.542367468887,-0.816527269497,-0.529090514162,-0.430038209406,0.5305739311,1.44692513495,1.77324020956
604,SLC17A7,6,-1.01208035866,0.0959744852596,-0.335092658252,-0.412651874914,-0.861157825888,0.379519197984,-0.237190342247,-0.013535035221,2.39621441193
605,SLC17A8,6,-0.670191837427,-0.680797919653,-0.665775710965,-0.60491812068,-0.534848317838,-0.527003084988,0.514931661135,2.04755145772,1.1210518727
606,SLC18A1,6,-0.824512478203,-0.787002570877,-0.771915252215,-0.623621009784,-0.352774514688,-0.303722973751,0.728544631441,0.892415008043,2.04258916004
607,SLC18A2,6,0.441700366077,-1.0359262743,-0.542038745645,-0.887436744246,-0.71665577714,-0.572330612148,0.235252240086,1.63515775784,1.44227778948
608,SLC18A3,6,-0.602701255256,-0.614816851623,-0.588339836102,-0.263700564591,-0.467126240679,-0.127533067851,-0.284350824146,0.43008266984,2.51848597041
609,SLC1A2,6,-0.983780463969,-0.515885140031,-0.702781900417,-0.346289182263,-0.564937930899,-0.708235577831,0.787353848602,1.2856802132,1.74887613361
610,SLC1A3,6,-0.183651031708,-0.522627035219,-0.346558172728,-0.729377687327,-0.629647504776,-0.695155434526,-0.0902806298912,0.87690238936,2.32039510682
611,SLC6A5,6,-0.18491230304,-0.453274272037,-0.210849322746,-0.423379837722,-0.382892015899,-0.453274272037,-0.212061088999,-0.330804856217,2.6514479687
612,SMPD1,6,-1.76828717653,-0.0810531505482,-0.478681225391,-0.705118632207,-0.421038429613,0.329993010628,0.671520097867,0.78171447995,1.67095102585
613,SNAP25,6,-0.680808562788,-0.848181207376,-0.383511756627,0.453407021325,-0.80938739304,-0.649234218613,-0.0997959761096,0.866429311237,2.15108278199
614,SNCAIP,6,-1.36504384255,-0.203524435127,-0.608003159892,-0.414054693114,-0.417506217735,0.0396249381683,-0.258311746262,1.38391392399,1.84290523252
615,ST8SIA2,6,-1.8157318883,1.15150184074,-0.289957294657,-0.60757347065,-0.700231345386,-0.0749243573682,0.503942888049,0.41942128735,1.41355234022
616,SUMF1,6,-0.428080902193,-1.06836509015,-1.19346867247,-0.556312447992,0.12854732817,-0.454851840101,0.647483085326,1.56472095901,1.3603275804
617,SYN1,6,0.668264957192,-1.35618056067,-1.14390118471,-0.389771577895,-0.533907038905,0.109212265661,0.135542198552,0.628274520023,1.88246642075
618,SYNE1,6,-1.22562060866,-1.13576858761,-0.696933365688,-0.308110644513,0.00737891130109,0.0604984452084,0.291496561984,1.41039528671,1.59666400126
619,SYNE2,6,-1.24636635057,0.398409666277,-0.0248145122833,-0.766304363888,-0.253455078125,-0.783193892195,-0.328051147621,1.05276722515,1.95100845325
620,SYP,6,-0.8208789195,-1.00070288583,-0.266591015942,0.215931269499,-0.688338937475,-0.177852152831,-0.105789361633,0.515021762169,2.32920024155
621,TACR3,6,-0.150402589686,-0.779116416109,-0.561639900059,-0.846968187264,-0.683503837883,-0.75949295607,0.842909476016,1.83414610034,1.10406831072
622,TGFB1,6,0.241196304921,-1.46694359407,-1.28707568368,-0.209237240096,-0.754172503225,0.395471840924,0.663430306036,1.17331458994,1.24401597925
623,TNFRSF1A,6,0.121547402936,-1.46300387047,-1.19235360102,-0.637224415814,-0.286320049849,0.0573840561317,0.904882788311,1.23597693976,1.25911075002
624,TPH1,6,-0.496649079176,-0.494050969396,-0.492852032874,-0.499252212736,-0.512669202935,-0.477961810662,-0.259292787286,0.831086385931,2.40164170913
625,TSPO,6,-0.263780826362,-1.09972863841,-1.11416611773,-0.294783424168,-0.457322958656,0.0755823754421,0.0891746760489,1.046325649,2.01869926484
626,VEGFA,6,-0.770138268887,-1.0866928759,-0.857491415636,-0.976777418705,0.701895560133,-0.21377343473,0.452303829387,1.30267003282,1.44800399152
627,VIPR2,6,-0.52981228987,-0.485750685576,-0.556733155672,-0.475699521955,-0.444441675814,-0.436130022313,-0.367443614477,0.943552995143,2.35245797053
628,VLDLR,6,0.201467078434,-1.04829148453,-0.579286485786,-1.26845350664,-0.271114754093,-0.57819779114,1.53496334808,0.745464948822,1.26344864684
629,WDR45,6,-0.281588158621,-1.57807586844,-0.727774624447,-0.595904502883,0.155726492475,-0.344781919758,0.49696152943,1.3341294661,1.54130758614
630,WDR60,6,-0.729662280429,-0.377247980442,-0.506877614662,0.508466060346,1.05431724502,-1.53440218373,-0.739018156171,0.942877168331,1.38154774174
631,WWC1,6,-0.254507740047,-1.26099835636,-1.04796957186,-0.857178356306,-0.286159496492,0.122056718769,1.43209424407,0.922290815736,1.23037174249
632,ZFYVE28,6,-0.417236430639,-1.07095499776,-0.96079572729,-0.325767565831,-0.190248086934,-0.496287284197,0.224103148165,1.42198607619,1.81520086829
633,ZNF804A,6,-0.660783422495,-0.382005497907,-0.661116486641,-0.601742959012,-0.576563144796,-0.445615478046,-0.0346087540176,1.21587690625,2.14655883667
